sites;Status;Emails trouvés;Réseaux sociaux;Dirigeant trouvé;Source du pattern;Email nominatif généré;Résultat SMTP;Serveur MX;Catch-all;Nb formats testés;Niveau de confiance
https://www.pausecocoon-massages.fr/;;;https://www.facebook.com//people/Maud-MOAL-Esth%C3%A9ticienne-Masseuse/100092216216173/, https://www.instagram.com/pause_cocoon/;;;;;;;0;
http://espaceludopia.fr/;;;https://www.facebook.com/espaceludopia/, https://www.instagram.com/espaceludopia/;;;;;;;0;
http://www.aquana.de/;;;https://www.facebook.com/Aquanafreizeitbad, https://www.instagram.com/aquanasaunaundfreizeitbad/;;;;;;;0;
http://hamamroyalspa.de/;;;;;;;;;;0;
https://www.jardinsderomain.fr/;;;;;;;;;;0;
http://www.armoripark.com/;;;https://www.facebook.com/armoripark, https://www.instagram.com/armoripark_begard/;;;;;;;0;
http://rituelsinfusions.fr/;;;https://www.instagram.com/hairspa_rituelsinfusions/;;;;;;;0;
https://www.bel-bien.fr/;;;;;;;;;;0;
https://www.zenterrehappy.com/;;;;;;;;;;0;
https://massage-ile-de-france-gisors-nikita.fr/;;;;;;;;;;0;
https://guiguitteenfolie.jimdofree.com/;;;https://www.facebook.com/guiguitteenfolie/?locale=fr_FR, https://www.instagram.com/guiguitteenfolie/;;;;;;;0;
https://shop.topskiglisse.com/produit/bon-dachat-au-spa-mahana/;;contact@topskiglisse.com;https://www.facebook.com/topskiglisse/, https://www.instagram.com/top_ski_glisse/;;;;;;;0;
https://parcdelavallee.fr/;;contact@parcdelavallee.com;https://www.facebook.com/parcdelavallee, https://www.instagram.com/parcdelavallee79/?hl=fr;;;;;;;0;
https://bienetreboisseron.wixsite.com/website;;;https://www.facebook.com/EspacebienetreBoisseron, https://www.instagram.com/agence.welcom/, https://www.instagram.com/bienetreboisseron/;;;;;;;0;
http://masagebienetre.com/;;;;;;;;;;0;
https://www.fraispertuis-city.fr/;;;https://www.facebook.com/fraispertuis, https://www.instagram.com/fraispertuiscity/;;;;;;;0;
https://etiocentre.com/massage/;;;;;;;;;;0;
https://www.numidiabienetre.fr/;;;https://www.facebook.com/people/Numidia-Hammam/pfbid02zJ3NcVMwJYYntPVbDbXypeZAowjcmdwHWQaxRD215aLimWpJuUbzrMF14WvvzGNJl/, https://www.instagram.com/numidia.bienetre/;;;;;;;0;
https://sophiebegeault.wixsite.com/somatotherapeute;;;https://www.facebook.com/sangha.dor.7/, https://www.instagram.com/sophie_begeault_agen_prayssas/;;;;;;;0;
https://salonjuillet.com/;;;;;;;;;;0;
https://www.loul-head-spa.com/;;;;;;;;;;0;
https://watercountryusa.com/;;;https://www.facebook.com/BuschGardensVA, https://www.instagram.com/buschgardensva/;;;;;;;0;
http://www.parc-aventure-porto-vecchio.fr/;;contact@parc-aventure-pv.fr;https://www.facebook.com/ParcAventurePortoVecchio;[non-diffusible] [NON-DIFFUSIBLE];dirigeant trouvé via SIREN 537967234 (API recherche-entreprises.api.gouv.fr);nondiffusible.nondiffusible@parc-aventure-pv.fr;Aucun format validé par SMTP;mx1.mail.ovh.net;Non;6;Très faible
https://natureetbienetre.net/;;;https://www.facebook.com/neufinck, https://www.instagram.com/nature_et_bienetre60/?hl=fr;;;;;;;0;
https://www.victoriavarnaeva.com/;;;;;;;;;;0;
http://bellissime02.kalendes.com/;;;;;;;;;;0;
https://www.hptatex.com/;;;;;;;;;;0;
http://vie-et-bienetre.com/;;;;;;;;;;0;
https://www.osteopathe-laval.com/;;;;;;;;;;0;
http://www.serenite-luxo.fr/;;;;;;;;;;0;
https://tinyurl.com/AtelierJavadhou;;;https://www.facebook.com/formaskills, https://www.instagram.com/formaskills_/, https://www.instagram.com/formaskills_educaskills/;;;;;;;0;
http://ladamedecoeur05.jimdosite.com/;;;;;;;;;;0;
https://anea-massages.fr/;;;https://www.instagram.com/anea.massages/?hl=fr;;;;;;;0;
https://586chicago.wixsite.com/518health;;;;;;;;;;0;
https://healing-spa.zyloe.com/booking;;;;;;;;;;0;
https://my-site-lotusdragon.square.site/sauna-services;;;;;;;;;;0;
https://www.lacharente.fr/;;;https://www.facebook.com/departementdelacharente/, https://www.instagram.com/departementcharente/;;;;;;;0;
https://www.karrousel.fr/;;contact@karrousel.fr;"https://www.facebook.com/people/Karrousel/61582362026062/?mibextid=wwXIfr&#038;rdid=wR77FRhIDI7GcmVw&#038;share_url=https%3A%2F%2Fwww.facebook.com%2Fshare%2F17TeW9hLUk%2F%3Fmibextid%3DwwXIfr, https://www.instagram.com/karrousel.fr/";;;;;;;0;
http://mariebonutto.fr/;;;https://www.facebook.com/Marie-Bonutto-Auxiliaire-106211948097113, https://www.instagram.com/mariebonutto_auxiliaire/;;;;;;;0;
http://www.zigzagparc.fr/;;;https://www.facebook.com/zigzagparc/?locale=fr_FR, https://www.instagram.com/zigzag_parc/;;;;;;;0;
http://www.pilat.acrobois.fr/;;;https://www.facebook.com/acroboispilat, https://www.instagram.com/acrobois_pilat;;;;;;;0;
https://www.deepnature.fr/dn_fr/center-parcs-villages-nature;;;https://www.facebook.com/DeepNatureSpaWellness/, https://www.instagram.com/deepnaturespa/?hl=fr;;;;;;;0;
https://caroetlesbebes.com/;;;;;;;;;;0;
http://www.latelierdemassage.com/;;;https://www.instagram.com/latelierdemassage/;;;;;;;0;
http://etoilepark26.fr/;;;https://www.facebook.com/EtoilePark26, https://www.facebook.com/EtoilePark26/, https://www.instagram.com/etoilepark_26/, https://www.instagram.com/etoilepark_26/?hl=fr;;;;;;;0;
https://aquaparkcrots.fr/;;;https://www.facebook.com/p/Aquapark-Crots-61587524742837/, https://www.instagram.com/aquaparkcrots/;;;;;;;0;
https://plandeaucherveux9.wixsite.com/le-plan-d-eau-de-che;;;https://www.facebook.com/plandeau.cherveux.stchristophe/, https://www.instagram.com/plandeau_cherveuxstchri, https://www.instagram.com/plandeau_cherveuxstchri/;;;;;;;0;
http://www.mathildeperinatalite.com/;;;https://www.facebook.com/Mathildep%C3%A9rinatalit%C3%A9-105612724920824, https://www.instagram.com/mathilde.perinatalite/?hl=fr;;;;;;;0;
http://www.institutembellie.com/?utm_source=gmb;;;https://www.facebook.com/institutembellie, https://www.instagram.com/institutembellie/;;;;;;;0;
https://www.ville-antony.fr/espace-plongee;;espaceplongee@ville-antony.fr;https://www.facebook.com/profile.php?id=61570922615759, https://www.facebook.com/ville.antony/, https://www.instagram.com/antony.92160/;;email nominatif déjà trouvé sur le site (format non identifié);;;;;0;
