sites,Status
https://www.pausecocoon-massages.fr/,Traité
http://espaceludopia.fr/,Traité
http://www.aquana.de/,Traité
http://hamamroyalspa.de/,Traité
https://www.jardinsderomain.fr/,Traité
http://www.armoripark.com/,Traité
http://rituelsinfusions.fr/,Traité
https://www.bel-bien.fr/,Traité
https://www.zenterrehappy.com/,Traité
https://massage-ile-de-france-gisors-nikita.fr/,Traité
https://guiguitteenfolie.jimdofree.com/,Traité
https://shop.topskiglisse.com/produit/bon-dachat-au-spa-mahana/,Traité
https://parcdelavallee.fr/,Traité
https://bienetreboisseron.wixsite.com/website,Traité
http://masagebienetre.com/,Traité
https://www.fraispertuis-city.fr/,Traité
https://etiocentre.com/massage/,Traité
https://www.numidiabienetre.fr/,Traité
https://sophiebegeault.wixsite.com/somatotherapeute,Traité
https://salonjuillet.com/,Traité
https://www.loul-head-spa.com/,Traité
https://watercountryusa.com/,Traité
http://www.parc-aventure-porto-vecchio.fr/,Traité
https://natureetbienetre.net/,Traité
https://www.victoriavarnaeva.com/,Traité
http://bellissime02.kalendes.com/,Traité
https://www.hptatex.com/,Traité
http://vie-et-bienetre.com/,Traité
https://www.osteopathe-laval.com/,Traité
http://www.serenite-luxo.fr/,Traité
https://tinyurl.com/AtelierJavadhou,Traité
http://ladamedecoeur05.jimdosite.com/,Traité
https://anea-massages.fr/,Traité
https://586chicago.wixsite.com/518health,Traité
https://healing-spa.zyloe.com/booking,Traité
https://my-site-lotusdragon.square.site/sauna-services,Traité
https://www.lacharente.fr/,Traité
https://www.karrousel.fr/,Traité
http://mariebonutto.fr/,Traité
http://www.zigzagparc.fr/,Traité
http://www.pilat.acrobois.fr/,Traité
https://www.deepnature.fr/dn_fr/center-parcs-villages-nature,Traité
https://caroetlesbebes.com/,Traité
http://www.latelierdemassage.com/,Traité
http://etoilepark26.fr/,Traité
https://aquaparkcrots.fr/,Traité
https://plandeaucherveux9.wixsite.com/le-plan-d-eau-de-che,Traité
http://www.mathildeperinatalite.com/,Traité
http://www.institutembellie.com/?utm_source=gmb,Traité
https://www.ville-antony.fr/espace-plongee,Traité
https://www.lenebienetre.online/,Traité
https://kap-zen.sumupstore.com/,Traité
https://www.cbulledebienetre.fr/,Traité
https://tidycal.com/lesmainsdadelemassage,Traité
https://www.odefacialiste.fr/,Traité
https://levasion-bien-etre-21.webselfsite.net/,Traité
https://www.associationsorelax.fr/anais-roussel,Traité
https://www.soindesoi.me/,Traité
http://www.lepuydessonges.fr/,Traité
https://cataleyaheadspa.fr/,Traité
https://stsylvain-letempsdunsoin.fr/,Traité
http://www.evita-lift.fr/,Traité
https://www.oriabeautebienetre.com/,Traité
https://skoubiparc.fr/,Traité
http://chateauamotte.fr/,Traité
http://asso-apla.fr/,Traité
http://www.cozyspring.fr/,Traité
http://www.golfdesaintsylvain.fr/,Traité
https://www.cepie-concept.com/,Traité
http://www.planeteequitation.fr/,Traité
https://smia.sante-travail.net/,Traité
https://www.isislamaison.fr/,Traité
https://www.verrieresenanjou.fr/,Traité
https://www.hypnose-angers-legall.fr/,Traité
https://www.secretsdunefee.com/,Traité
https://www.hygieia-massage.fr/,Traité
https://www.atout-the.fr/,Traité
http://cytises.agglo-lenslievin.fr/,Traité
https://bharmonie.fr/je-prends-rendez-vous/,Traité
http://www.parc-spirou.com/,Traité
http://www.villagedesautomates.com/,Traité
https://corbipark.fr/,Traité
https://www.balineae.fr/fr/destinations/,Traité
https://www.pharmacielaverpilliere.fr/,Traité
https://tresordedouceur.wixsite.com/tresordedouceur/,Traité
http://www.laroutedessens.com/,Traité
https://www.oasisparc.fr/,Traité
https://vernoux-zen.jimdofree.com/,Traité
https://www.elodiekaloujnaia.fr/,Traité
http://www.parc-aventure-79.fr/,Traité
https://coevasion.com/,Traité
http://www.parc-loisir-tours.com/,Traité
http://www.evasiondessens.com/,Traité
https://le-temps-d-un-instant-by-gwen.reservio.com/,Traité
https://gitefr.click/aire-services-camping-pcosp3,Traité
http://mabullebienetre.kalendes.com/,Traité
http://www.ave-sport.fr/,Traité
http://davezieux.oria-sport.com/,Traité
http://www.cote-beaute.com/,Traité
https://www.lacdesfades-auvergne.fr/activites/base-de-loisirs-aqualoisirs,Traité
https://www.vulcania.com/,Traité
https://lescharmettesdespa.wixsite.com/location,Traité
https://paysagiste-normandie.fr/ville/broglie/,Traité
http://institut-carolyn.fr/,Traité
http://goyeseverine.wixsite.com/monsite,Traité
http://www.parc-bellevue.com/,Traité
http://ce-iledeloisirs-valdeseine.ffe.com/,Traité
https://www.auxptitsoins-esthetique.fr/,Traité
http://www.lafermesouchinet.com/,Traité
http://www.luminescence77.fr/,Traité
https://bainsauvage.fr/,Traité
https://beautebienetreinstitut.fr/,Traité
https://www.maison-mayane.fr/,Traité
https://www.altiparc-vernet.fr/,Traité
https://www.ccpaysrochois.fr/mes-services-demarches/espace-aqualudique-des-foron/,Traité
https://www.aline-estheticienne-49.fr/,Traité
https://www.base-nautique.fr/,Traité
http://auxmainssages.net/?utm_source=gmb&utm_medium=referral,Traité
http://www.tamtambienetre.fr/,Traité
http://www.lesitedeczen.fr/,Traité
http://www.breizharmonie.com/,Traité
http://www.entoutedouceur.com/,Traité
http://www.institut-essensiel.com/,Traité
http://www.valerielowenbruck.com/,Traité
http://www.linstantzen89.fr/,Traité
https://massages-auchylesmines.fr/,Traité
http://www.cyndraparc80700beuvraignes.fr/,Traité
https://parcdelacitadelle.lille.fr/,Traité
http://lesmainsdanna.fr/,Traité
https://www.spa-gite-chauny.fr/,Traité
https://www.domaine-les-saules.fr/,Traité
https://www.hotelbringue.com/ca/hotel-spa-xalet-bringue-ordino-andorra,Traité
https://sojournspot.eu/alsace-spa-strasbourg-france,Traité
https://xn--clos-saint-franois-spa-e7b.fr/,Traité
http://o-spasaphir.com/,Traité
https://suite-cigalia.fr/,Traité
http://www.hotelfaucigny-chamonix.com/,Traité
https://www.enjoyyourlifes.fr/,Traité
https://intemporel-suites.fr/,Traité
https://www.cabanespabambou.com/,Traité
https://fr.loccitane.com/petit-spa-loccitane,Traité
http://www.aucoeurduspa.fr/,Traité
http://www.oterrasian-spa.fr/,Traité
http://www.lentredeuxospa.fr/,Traité
http://www.lespadusoleil.com/,Traité
https://www.thermes-de-vichy.fr/chambre/hotel-des-thermes-les-domes/hotel-des-thermes-les-domes-chambre-chomel,Traité
http://www.bcw-hotels.de/dorint-thermenhotel,Traité
https://axlesthermes.wellness-sport-camping.com/,Traité
https://www.thermotel-dax.com/,Traité
https://www.appartement-bailly-larocheposay.fr/,Traité
http://www.edenhotels.de/,Traité
https://www.aquatherm-midipyrenees.com/,Traité
http://fr.thermesmarinsmontecarlo.com/,Traité
http://thermalliance-hauteville.fr/,Traité
http://www.thermal.com.ar/,Traité
https://vacfr.click/sidence-thermale-chaldette-vhg6kn,Traité
https://www.ch-dax.fr/l-offre-de-soins/les-services-de-l-hopital/thermal,Traité
https://www.chaleur-sure.fr/,Traité
https://hotel-cambrai.brithotel.fr/?utm_source=google&utm_medium=seo&utm_campaign=gmb,Traité
https://www.hotel-mahogany.com/,Traité
http://levieuxlogis-aignan.fr/,Traité
http://www.sporthotel-kenzingen.de/,Traité
https://hollywoodrestaurantcannes.com/,Traité
https://www.hotel-lavillableue.com/,Traité
http://www.hotel-am-triller-saarbruecken.de/,Traité
https://roissy-saint-witz.brithotel.fr/?utm_source=google&utm_medium=seo&utm_campaign=gmb,Traité
https://www.gruenwinkel.de/,Traité
http://www.hotel-blume-freiburg.de/,Traité
https://hotelsaintpierrevire.fr/,Traité
http://www.lescaudalies.fr/?utm_source=gmb,Traité
http://www.labastiedurfe.com/,Traité
https://human-hotel-restaurant.com/,Traité
https://www.montecarlosbm.com/fr/hotel-monaco/monte-carlo-bay-hotel-resort,Traité
https://direct-enzo-vierzon.kyriad.com/fr-fr/?utm_content=partoo&utm_medium=seo-bgp&utm_source=google,Traité
https://www.nh-hotels.com/en/hotel/nh-collection-andorra-palome?utm_campaign=local-gmb&utm_medium=organic_search&utm_source=google_gmb,Traité
https://www.hotelcols.com/,Traité
http://www.poissonrougebonifacio.com/,Traité
https://www.choicehotels.com/france/meylan/comfort-inn-hotels/fr522?mc=llgobeeu&pmf=bleu,Traité
https://hotel-de-labbaye-vertheuil.eatbu.com/?lang=fr,Traité
https://www.grandhoteldauphine.com/,Traité
https://www.motel-one.com/hotels/saarbruecken/hotel-saarbruecken/,Traité
http://www.lewaltparis.com/,Traité
http://hotel-mouton-blanc.fr/,Traité
https://adcyberhotel.com/reservation/,Traité
http://hotel-paris-valence.com/,Traité
https://hotel-perigueux-boulazac.brithotel.fr/?utm_source=google&utm_medium=seo&utm_campaign=gmb,Traité
https://www.hotel-trebeurden-plage.com/,Traité
https://www.hotel-restaurant-aupetitbonheur.com/hotel,Traité
http://www.ostalhotel-pau.com/,Traité
http://www.fontaine-argent.com/,Traité
https://www.apparthoteldelatour.com/,Traité
https://hotel-quimper-sud.brithotel.fr/?utm_source=google&utm_medium=seo&utm_campaign=gmb,Traité
https://hotel-saintes-bleunuit.brithotel.fr/?utm_source=google&utm_medium=seo&utm_campaign=gmb,Traité
https://hotel-des-messageries.com/,Traité
https://www.hotel-cotedesables.com/,Traité
http://troyes.bhomahotel.fr/,Traité
https://www.appart-hotelchanzy.com/,Traité
https://vitre.brithotel.fr/,Traité
http://www.tulip-residences-joinville.com/,Traité
http://www.hotelcastel.fr/,Traité
https://bestwestern-hotel-saint-exupery-bordeaux.com/,Traité
https://hotel-mayenne.brithotel.fr/?utm_source=google&utm_medium=seo&utm_campaign=gmb,Traité
http://hotel-avallon-dakhotel.brithotel.fr/?utm_source=google&utm_medium=seo&utm_campaign=gmb,Traité
https://hotel-baillet-en-france.brithotel.fr/?utm_source=google&utm_medium=seo&utm_campaign=gmb,Traité
http://www.retajmoroniresort.com/,Traité
http://www.hotel-jersey.fr/,Traité
http://www.trier-hotel.com/,Traité
https://www.lepaonblanc.com/,Traité
http://www.aaaa-hotelwelt.de/,Traité
https://marne-la-vallee-torcy.brithotel.fr/?utm_source=google&utm_medium=seo&utm_campaign=gmb,Traité
http://www.gaisoleil.com/fr/Accueil,Traité
https://tarbes-ibos.brithotel.fr/?utm_source=google&utm_medium=seo&utm_campaign=gmb,Traité
https://www.grand-hotel-maury.fr/,Traité
http://www.hotelchristiania.com/,Traité
http://www.hoteldutouring.fr/?utm_source=gmb,Traité
http://hotel-et-residence-sarcelles.com.es/,Traité
http://zemiklkl.free.fr/garotel/,Traité
https://www.hotel-la-place.fr/,Traité
https://www.hotelrestaurantdeleuroport.com/,Traité
https://www.domainedesangayrac.com/,Traité
https://bbz.sleep-hotels.de/,Traité
http://www.hotel-rolland.com/,Traité
http://myhotel.besthotels-booking.com/,Traité
https://torcy.tuliphotelsresidences.com/fr-fr/?utm_content=partoo&utm_medium=seo-bgp&utm_source=google,Traité
http://www.sokohotels.com/,Traité
http://hotel-du-parc.com.es/,Traité
https://hotelcarline.fr/,Traité
http://www.hotellaresidence-etretat.com/,Traité
https://www.ibiza-les2alpes.com/en,Traité
http://www.hoteleurope33.com/,Traité
https://www.secure-direct-hotel-booking.com/module_booking_engine/index.php?id_etab=7af9981d7a971ec1a759c75793da0762&langue=francais,Traité
http://hoteldelaposte.net/,Traité
http://www.hotel-aigoual.com/,Traité
https://hotel-avignon-sud.brithotel.fr/,Traité
http://www.la-savoyarde.com/,Traité
https://www.lesvoyageurs-lakantine.fr/fr,Traité
https://clermont-herault.brithotel.fr/?utm_source=google&utm_medium=seo&utm_campaign=gmb,Traité
http://www.la-chaumiere-du-lac.fr/?utm_source=gmb,Traité
http://www.hotel-am-park.eu/,Traité
http://www.ebenevertehotel-guyane.com/,Traité
http://www.blauenwald.de/,Traité
https://www.victors-rodenhof-saarbruecken.de/,Traité
https://hotel-bressuire.brithotel.fr/,Traité
https://www.suitesplazahotelandorra.com/es/,Traité
http://www.hotel-le-vouglans.fr/,Traité
https://hotel-crystal.de/,Traité
https://www.hotelducentre-montsjura.fr/,Traité
http://www.lebellerive.net/,Traité
https://www.hotel-de-champagne.com/fr,Traité
http://www.oasisladesirade.com/,Traité
http://aparthotel-area.com.es/,Traité
http://www.514apparthotel.fr/,Traité
http://www.mihotel.fr/,Traité
http://hotel-la-rochelle.brithotel.fr/?utm_source=google&utm_medium=seo&utm_campaign=gmb,Traité
https://www.grandhotel-forcalquier.fr/,Traité
http://www.hotelrestaurant-lesaintvorles.fr/,Traité
https://hotel-reims-nord.brithotel.fr/?utm_source=google&utm_medium=seo&utm_campaign=gmb,Traité
https://platinium-hotel-aachen.webnode.page/,Traité
http://adrexo.net/,Traité
https://iledere.relaisthalasso.com/,Traité
http://www.thalasso-larochellesud.fr/,Traité
http://mari-machja.fr/,Traité
https://esraperinatalite.fr/,Traité
http://www.thalmar.com/,Traité
http://www.thalasso-line.com/,Traité
http://lamarinedopale.fr/,Traité
https://www.baerenthal.org/fr,Traité
https://www.gite-montenois.fr/,Traité
https://lestroistours.fr/,Traité
https://www.gite-castelbosc.com/,Traité
http://www.lepetitcocondechateau.fr/,Traité
https://www.gitemassatho.fr/,Traité
https://honfleur-home-loc.fr/,Traité
https://www.giteclosangelique.com/,Traité
https://gitedelaborie.fr/,Traité
http://www.gite-spa-moulindebarutel.com/,Traité
http://www.gite-provence-alevidence.fr/,Traité
https://suitecosy.com/la-parenthese~295.htm,Traité
http://gite-le-tacot.fr/,Traité
https://villazenmonplaisir.com/,Traité
https://www.gite-sophie-fecamp.fr/,Traité
http://www.gite-cantal-lanau.fr/,Traité
https://www.legitedelagrange.fr/fr,Traité
https://mialovestotravel.com/chambres-2-caps-france,Traité
http://www.gitedegarance.fr/,Traité
http://www.gitedesquatrechemins.fr/,Traité
http://www.giteaubergelasoulan.com/,Traité
https://giteleromandalleyrac.com/,Traité
https://www.lechateaudelabarre.fr/le-gite-les-ecuries-de-la-barre,Traité
https://valensole-gite-chalet.fr/,Traité
http://la.tour.touzac.free.fr/,Traité
https://www.kerousy.com/,Traité
http://gites-de-la-haie.com.es/,Traité
http://www.ladommerie.com/,Traité
http://www.pour-les-vacances.com/site-11830/,Traité
http://www.lesfourches.com/,Traité
http://www.kombijons.nl/,Traité
http://www.paysdejoie.com/,Traité
https://www.giteslessentiersducausse.fr/,Traité
http://calme-au-canal.fr/,Traité
http://hotes-aucoeurdesetoiles.com/,Traité
http://leschambresdechavot.com/,Traité
https://www.gitelapaillote.com/,Traité
http://www.gitejura.com/,Traité
http://gitedes2arbresdelasagesse.fr/,Traité
http://www.elevagedesaba.com/,Traité
http://www.aubergedujeudepaumechantilly.fr/,Traité
https://www.leslatimbanque.fr/,Traité
http://www.aubergeabjat.fr/,Traité
http://www.auberge-nemoz.com/,Traité
http://www.auberge-du-camp-romain.com/,Traité
http://www.auberge-gorgesduloup.com/,Traité
http://www.hotel-cormeilles.com/,Traité
http://auberge-normande.com.es/,Traité
https://aubergedelatour-valros.com/,Traité
https://www.perebise.com/,Traité
https://auberge-maison-carmen-xertigny.eatbu.com/,Traité
https://www.aubergedesglieres.fr/,Traité
http://www.auberge-maison-rouge.com/,Traité
https://auberge-pradere.fr/,Traité
http://www.auxportesdeconques.com/?utm_source=gmb,Traité
https://www.restaurant-chagny.com/,Traité
https://www.aubergebarnas.fr/?utm_source=gmb,Traité
http://www.auberge7tours.com/?utm_source=gmb,Traité
http://aubergedelempereur.fr/,Traité
https://www.aubergeducotentin.com/,Traité
https://alabelleetoile.eu/,Traité
https://www.auberge-aveyron.com/,Traité
https://auberge-de-pen-mur.jimdosite.com/,Traité
http://www.auberge-de-la-marquise.com/,Traité
https://www.e-cime.com/,Traité
https://aubergeabbatiale.fr/,Traité
http://www.auberge-des-avenieres.fr/,Traité
http://lauberge-de-venthon.eatbu.com/,Traité
http://aubergedeschenets.com/,Traité
http://www.aubergedesremparts.com/,Traité
http://www.aubergedulac.fr/?utm_source=gmb,Traité
https://www.aubergesaintegemme.com/,Traité
https://www.auberge-la-coste.com/?utm_source=mybusiness&utm_medium=organic&utm_id=mybusinessorganic,Traité
http://auberge-gourmande-les-vastres.fr/,Traité
http://www.auberge-lorraine-levaltin.fr/,Traité
https://aubergecevenole.fr/,Traité
https://www.aubergedubarrez.com/,Traité
https://www.la-vieille-auberge.eu/,Traité
http://www.lacholotte.com/,Traité
http://www.auberge-grand-dauphin.com/,Traité
http://www.motel-les-tilleuls.com/,Traité
https://www.aubergedesremparts.fr/,Traité
http://www.aubergelemeisenberg.com/,Traité
http://www.aubergedubonheur30.fr/,Traité
https://www.aubergebretonne.com/,Traité
https://www.campingmoulinjacquot.fr/,Traité
https://campinglepommier.com/,Traité
https://www.camping-farret.com/fr/,Traité
http://www.camping-chataigneraie.com/,Traité
https://www.campingverdonparc.fr/?utm_campaign=gmb_search&utm_medium=organic&utm_source=google,Traité
https://www.camping-les-gros-joncs.com/?utm_source=google&utm_medium=organic&utm_campaign=gbp,Traité
https://www.camping-oleron-loisirs.com/,Traité
http://www.lemonloo.com/wp,Traité
https://www.lavedan.com/?utm_source=google&utm_medium=organic&utm_campaign=gmb,Traité
http://www.camping-oree-des-monts.com/,Traité
https://camping-truffiere.com/,Traité
https://www.camping-marisol.fr/,Traité
https://camping-lesbaleines.com/,Traité
https://www.camping-ile-de-re-cormoran.com/?utm_source=google&utm_medium=local&utm_campaign=fiche_google,Traité
https://www.campinglacotesauvage.com/?utm_campaign=gmb_search&utm_medium=organic&utm_source=google,Traité
http://www.campinglesperouses.com/,Traité
https://www.la-grainetiere.com/?utm_campaign=gmb_search&utm_medium=organic&utm_source=google,Traité
https://www.campiotel.com/?utm_source=google&utm_medium=local&utm_campaign=fiche_google,Traité
https://www.les-mouettes.com/,Traité
https://www.campingcransaclesthermes.fr/,Traité
http://www.campingdelaforet.com/,Traité
https://www.camping-delaplage.fr/?utm_medium=referral&utm_source=gmb&utm_campaign=lnk-gmb,Traité
http://www.campingbavellavista.fr/,Traité
https://www.larive.fr/?utm_source=google&utm_medium=local&utm_campaign=fiche_google,Traité
https://www.camping-le-calagogo.fr/,Traité
https://www.soleilplage.fr/?utm_campaign=gmb_search&utm_medium=organic&utm_source=google,Traité
https://www.les-sablons.com/,Traité
https://www.mimosas.com/,Traité
https://www.brasilia.fr/,Traité
http://campingautourdumoulin.fr/,Traité
https://www.camping-lapointedumedoc.com/fr/?utm_campaign=gmb_search&utm_medium=organic&utm_source=google,Traité
https://camping-terra-verdon.com/,Traité
http://www.campingarcencielardeche.com/,Traité
http://www.beaurivage-camping.fr/,Traité
https://www.lecampoloro.com/,Traité
https://www.camping-lacbleu.fr/,Traité
https://camping-chatelas.com/,Traité
https://www.camping-bretagne-lapommeraiedelocean.com/?utm_campaign=gmb_search&utm_medium=organic&utm_source=google,Traité
http://www.campingdutrez.com/,Traité
https://www.lescapucines.fr/,Traité
http://www.campingdelarecre.com/,Traité
https://au-camping-du-lac.com/?utm_source=google&utm_medium=organic&utm_campaign=mybusiness,Traité
https://www.lemarcassin.fr/,Traité
https://www.campinglechenegris.com/?utm_campaign=gmb_search&utm_medium=organic&utm_source=google,Traité
http://www.campingfautais.com/,Traité
http://www.campingtulipes.com/,Traité
https://www.camping-oyam.com/,Traité
https://boisdebayadene.fr/,Traité
http://www.camping-labaule.fr/,Traité
http://www.aire-campingcars-vichy.com/,Traité
https://camping-la-berquerie.fr/,Traité
http://www.lariviereleseyzies.com/,Traité
https://www.la-croez-villieu.com/,Traité
https://www.camping-kersily.com/?utm_source=google&utm_medium=organic&utm_campaign=gmb,Traité
https://www.camping-gouffre.com/,Traité
https://www.camping-domaine-kerys.com/?utm_campaign=gmb_search&utm_medium=organic&utm_source=google,Traité
https://lanniron.com/fr/hebergement,Traité
https://www.campingdelatorche.fr/,Traité
https://www.camping-pen-palud.com/,Traité
https://www.camping-auxpommiers.com/?utm_campaign=gmb_search&utm_medium=organic&utm_source=google,Traité
https://www.campingleboisdepleuven.com/?utm_source=google&utm_medium=organic&utm_campaign=gmb_search,Traité
http://campingleslacsdemaurienne.com/,Traité
http://www.campingcoccinelle.com/,Traité
https://www.camping-lesdunes-coudeville.fr/,Traité
https://www.toocamp.com/france/camping-la-rafale-c26077.html,Traité
http://www.camping-cerisiers.com/,Traité
https://www.campingdesgorgesdutarn.fr/,Traité
http://www.camping-piscine.com/,Traité
https://www.camping-normandie-fanal.fr/,Traité
https://www.campingdeconliesarthelemans.com/,Traité
http://www.campinglafontaine.fr/,Traité
https://www.domainedubalbuzard.com/,Traité
https://www.campinglesoleildesaintsieu.com/?utm_campaign=gmb_search&utm_medium=organic&utm_source=google,Traité
http://www.saint-benoit-des-ondes.fr/,Traité
http://www.lemoulindesurier.com/,Traité
https://lesmarsouins.cielavillage.fr/,Traité
http://campinglesvignes17.com/,Traité
http://www.camping-lac-bleu.com/,Traité
http://campingdelizoard.com/,Traité
https://www.campingtynadan.com/?utm_campaign=gmb_search&utm_medium=organic&utm_source=google,Traité
https://campingduvallageattigny.com/,Traité
http://chemindetraverse52.org/,Traité
http://www.camping-lelude.com/,Traité
https://camping-la-clairiere.fr/,Traité
https://www.camping-labergerie.com/,Traité
http://camping-lesrondsduval.fr/,Traité
https://porticcio-camping.fr/?utm_medium=referral&utm_source=gmb&utm_campaign=lnk-gmb,Traité
https://www.camping-gorge-verdon.com/,Traité
https://campinglachampagne.eu/,Traité
http://www.la-sauvetat-du-dropt.fr/,Traité
http://bretagne.bontempo.fr/,Traité
http://www.camping-du-menguen.com/,Traité
http://www.camping-acasaiola.com/,Traité
http://www.camping-alafermestjoseph.com/,Traité
http://www.campingalohaplage.fr/,Traité
http://www.campingauborddeleau.com/,Traité
https://www.coeur-ardeche.fr/camping/camping-au-jardin-5984341/,Traité
https://www.camping-captaillat.com/,Traité
https://www.camping-saumur-loire.com/,Traité
http://www.champdelachapelle.com/,Traité
http://www.camping-chondutarn.com/,Traité
http://www.camping-abbatiale.com/,Traité
https://www.campingleryposes.fr/,Traité
https://camping-de-la-chalaronne.fr/,Traité
https://www.campingliez.com/,Traité
http://www.chamonix-camping.com/,Traité
http://camping-u-stazzu.jimdofree.com/,Traité
https://www.camping-desdunes.com/,Traité
https://francetourismes.wordpress.com/,Traité
https://www.peyrugue.com/,Traité
http://www.campingdubugeau.com/,Traité
http://www.camping-du-canal.fr/,Traité
https://camping-saint-estephe.com/fr/,Traité
https://www.campingdulacaveyron.com/,Traité
http://www.lecampingdulac.fr/,Traité
https://www.campinglac.fr/,Traité
https://www.campingdulacdeparisot.com/,Traité
https://www.camping-lac-roybon.fr/,Traité
https://www.camping-lequesnoy.fr/,Traité
https://www.marina-de-canet.com/?utm_campaign=gmb_search&utm_medium=organic&utm_source=google,Traité
https://www.camping-torreilles.com/?utm_campaign=gmb_search&utm_medium=organic&utm_source=google,Traité
https://www.campinglapinede.com/?utm_campaign=gmb_search&utm_medium=organic&utm_source=google,Traité
https://www.campinglesaintemarie.com/?utm_campaign=gmb_search&utm_medium=organic&utm_source=google,Traité
https://www.camping-lesdunes.fr/?utm_campaign=gmb_search&utm_medium=organic&utm_source=google,Traité
https://www.lesmenhirs.com/?utm_campaign=gmb_search&utm_medium=organic&utm_source=google,Traité
https://www.solagogo.com/?utm_campaign=gmb_search&utm_medium=organic&utm_source=google,Traité
http://www.campings-treport.com/,Traité
http://www.camping-escale.fr/,Traité
http://www.campingesplanade.com/,Traité
https://www.campombrage.com/?utm_source=google&utm_medium=organic&utm_campaign=gbp,Traité
https://www.camping-lacailletiere.com/,Traité
http://www.jura-camping-lafaz.com/,Traité
http://www.camping-lamarmotte.com/,Traité
http://www.campinglaplaine.fr/,Traité
http://www.la-vigneraie-1860.fr/,Traité
https://camping-lebernier.fr/,Traité
http://www.camping-lechassezac-ardeche.com/?utm_source=gmb,Traité
http://www.campingclosdespins.com/,Traité
http://www.camping-le-futuriste.fr/,Traité
https://www.campinglegrandguitton.com/,Traité
https://www.campinglegrandlarge.com/,Traité
https://reservation.secureholiday.net/fr/3532,Traité
https://www.camping-le-lidon.com/,Traité
https://www.campingmasdelasource.com/,Traité
http://camping-sarlat.com/,Traité
http://www.camping-leruisseau.fr/,Traité
http://www.campingleseptentrion.com/,Traité
http://www.camping-lesoleil.fr/,Traité
https://www.levaldescevennes.com/,Traité
http://www.camping-orbey.com/,Traité
http://www.camping-les-arches.com/,Traité
http://www.lesarolles.com/,Traité
http://www.campinglesbordsdutarn.com/,Traité
http://camping-lescastors.fr/,Traité
https://www.camping-chataigniers-ardeche.fr/,Traité
https://www.leschenesverts-luberon.com/,Traité
http://www.campinglescharmes.fr/,Traité
https://www.roffy.fr/?utm_source=google&utm_medium=local&utm_campaign=fiche_google,Traité
http://www.leshortensias.com/,Traité
http://www.camping-les-macareux-trevou.fr/,Traité
http://www.lesmouettes-camping.com/,Traité
https://www.lesollivaud.com/,Traité
http://www.campingcrozon.com/,Traité
http://www.campinglesprades.com/,Traité
http://campingtamaris.e-monsite.com/,Traité
http://www.chateau-les-alberts.com/node/1,Traité
http://www.masdenmas.fr/,Traité
http://www.campingmaspiques.com/,Traité
https://www.muides.fr/tourisme-2/camping-municipal-bellevue/,Traité
https://www.camping-ile-saint-crepin.com/,Traité
http://www.camping-paimpont-broceliande.com/,Traité
https://www.saintjeanlethomas.com/Camping-municipal-de-Saint-Jean-le-Thomas-_a192.html,Traité
https://www.ville-bligny-sur-ouche.fr/camping,Traité
https://www.campingdupontdebussy.fr/,Traité
http://www.camping-letourduparc.fr/,Traité
http://www.campingdelavernhe.fr/,Traité
http://www.camping-chabrioux.fr/,Traité
https://www.camping-savineslelac.fr/,Traité
https://mittersheim-loisirs.fr/,Traité
http://www.camping-alboucledor.com/,Traité
https://www.campinglescapade.com/,Traité
https://www.camping-lespins.com/,Traité
https://hubfr.click/vacancesocamping-parc-guibel-9vm3rk,Traité
http://www.pole-bellevue.fr/,Traité
https://www.revigny-sur-ornain.fr/camping-aire-camping-car.php,Traité
https://campingsaintgeorges.fr/,Traité
http://www.campingsaintpal.com/,Traité
http://www.campingsandamiano.com/,Traité
https://www.trezrouz.com/,Traité
http://www.campinguvaldo.fr/,Traité
http://www.camping-vert-gapeau.com/,Traité
https://www.saintpabu.com/?utm_source=google&utm_medium=organic&utm_campaign=gbp,Traité
https://www.lesgrandspins.com/fr/?utm_source=google_my_business&utm_medium=organic&utm_campaign=cta_site_web,Traité
http://www.domaine-de-kerpenhir.fr/,Traité
https://domaine.moncalme-piriac.com/,Traité
http://www.campingfranceonline.com/,Traité
https://www.campinggrandeplage.com/,Traité
http://www.campingleriviera.com/,Traité
https://www.camping-gorges-aveyron.com/?utm_source=google&utm_medium=organic&utm_campaign=gmb,Traité
https://www.ideal-camping.com/,Traité
http://vacances.kheopsuniversal.fr/les-dunes.html,Traité
http://www.camping-de-la-tour.com/,Traité
https://auzeralsfr.ellohaweb.com/,Traité
https://www.lesjardinsdekergal.com/,Traité
https://www.liabaquet.com/,Traité
https://www.campingleschampsblancs.com/fr/,Traité
https://verdonyourte.com/,Traité
https://www.camping-leclosmarin.fr/,Traité
https://www.campingpechehernicourt.com/,Traité
https://www.campinghirondelle.com/,Traité
https://camping-ferme-offrerie.com/,Traité
http://www.camping-le-damier.com/,Traité
http://www.camping-la-foret.com/,Traité
http://vacancesnaturiste.com/,Traité
https://www.villagedesbonshommes.com/,Traité
https://www.campingledauphin.com/?utm_source=google&utm_medium=organic&utm_campaign=gmb,Traité
https://dannes.fr/fr/rb/1088102/camping-municipal-9,Traité
https://www.camping-bretagne-atlantique.com/?utm_source=google_my_business&utm_medium=organic&utm_campaign=cta_site_web,Traité
http://www.campingdelaplagebenodet.com/,Traité
http://www.camping-cote-dargent.com/,Traité
https://www.pilondagel.com/,Traité
http://campinglesaintvivien.fr/,Traité
https://www.camping-sarlat-maillac.fr/,Traité
http://www.camping-catiniere.com/,Traité
https://www.camping-chaumont-sur-loire.com/,Traité
https://campinglepinparasol.fr/,Traité
http://www.campinglespommiers.com/,Traité
http://www.corneuil.com/,Traité
http://www.campinglesborgnes.fr/,Traité
https://campingpompadour.ellohaweb.com/,Traité
https://www.camping-ocean.fr/,Traité
https://www.camping-ametza.com/,Traité
https://atlantica.cielavillage.fr/,Traité
https://www.campingchateaudegalaure.com/?utm_campaign=gmb_search&utm_medium=organic&utm_source=google,Traité
https://www.auxportesdusauveterre.com/,Traité
http://www.lesetangsduplateaudeslandes.fr/,Traité
http://www.camping-la-butte.com/,Traité
http://www.camping-calvi.com/,Traité
https://www.camping-azun-nature.com/,Traité
https://www.les-fougeres.com/,Traité
http://aquaenjoyguyane.fr/,Traité
https://www.aquajeuxetcomposites.com/,Traité
http://aqualemannautique.com/,Traité
https://aqua4jump.fr/,Traité
https://aquafitbulle.com/,Traité
https://aquaglide-boaz.com/,Traité
http://aquaglisse.fr/,Traité
https://www.aquajetnarbonne.com/contact/,Traité
https://www.aqualigne.com/?utm_source=Google&utm_medium=organic&utm_campaign=mybusiness&utm_content=pianmedoc,Traité
https://aqualyse-institut.fr/,Traité
https://aqua-parc.fr/,Traité
https://aquaparkdudicosa.fr/,Traité
http://aquarider.net/,Traité
https://www.aquascope-martinique.fr/?utm_medium=referral&utm_source=gmb&utm_campaign=lnk-gmb,Traité
https://www.aquaslide.fr/,Traité
https://www.aquasport-juniville.fr/,Traité
http://www.aquaticbezancon.fr/,Traité
http://www.aquatik-market.com/,Traité
https://www.lesbainsdedieppe.fr/,Traité
http://www.spadium.fr/,Traité
https://www.destination-aquatique.fr/,Traité
http://www.hecef.fr/,Traité
https://laquariumplongee.com/,Traité
http://www.museumaquariumdenancy.eu/,Traité
https://pawsitiveschool.com/occi-cani-aqua/,Traité
http://centre-aquatique-du-lac.fr/,Traité
https://www.gites-de-france-22-35-56.fr//fiche-56G15715?ORI=GMAPS,Traité
http://www.planeteracing.com/,Traité
https://www.seam42.fr/,Traité
http://www.tendanceaquatique.fr/,Traité
http://www.tuturaventures.fr/,Traité
https://www.ace-hotel-angers.com/fr/?utm_source=google&utm_medium=organic&utm_campaign=gmb&utm_content=lien,Traité
https://www.ace-hotel-annemasse.com/fr/?utm_source=google&utm_medium=organic&utm_campaign=gmb&utm_content=lien,Traité
https://www.ace-hotel-chateauroux.com/fr/?utm_source=google&utm_medium=organic&utm_campaign=gmb&utm_content=lien,Traité
https://www.ace-hotel-lemans.com/fr/?utm_source=google&utm_medium=organic&utm_campaign=gmb&utm_content=lien,Traité
https://www.ace-hotel-lyon-venissieux.com/fr/?utm_source=google&utm_medium=organic&utm_campaign=gmb&utm_content=lien,Traité
https://www.ace-hotel-metz.com/fr/?utm_source=google&utm_medium=organic&utm_campaign=gmb&utm_content=lien,Traité
https://www.ace-hotel-mitry.com/fr/?utm_source=google&utm_medium=organic&utm_campaign=gmb&utm_content=lien,Traité
https://www.ace-hotel-valence.com/fr/?utm_source=google&utm_medium=organic&utm_campaign=gmb&utm_content=lien,Traité
https://www.ace-hotel-vendee.com/fr/?utm_source=google&utm_medium=organic&utm_campaign=gmb&utm_content=lien,Traité
http://www.anglade-hotel.com/,Traité
https://apparthotellerocher.com/,Traité
https://apparts-hotel-camaret.fr/,Traité
https://www.audomainedescamelias.com/,Traité
http://www.bagatelle-hotel.com/,Traité
http://www.hotelezenn.fr/,Traité
https://hotel-basecamplodge-les2alpes.com/fr,Traité
http://www.sanbenedetto-hotel.com/,Traité
https://www.hotel-canet-plage.fr/,Traité
http://www.hotel-europeangleterre-macon.com/,Traité
http://hotelboustigue.com/,Traité
https://lecloshuguerie.com/en/contact/,Traité
https://www.break-vierzon.com/,Traité
http://hotel-nevers-magdalena.brithotel.fr/?utm_source=gmb,Traité
http://www.aurythmedarduinna.fr/,Traité
https://chambredhotesaufildeleaujumieges.top/,Traité
http://chambreshotes-sthubert.com.es/,Traité
http://pierrebriand29.pagesperso-orange.fr/,Traité
http://www.lalauze.net/,Traité
http://lechateaudechaumard.com/,Traité
https://paysdelaloire-mb-prestataire.for-system.com/f116657_fr-.aspx,Traité
https://lmourizat.wixsite.com//leden,Traité
http://hote-pivoine.fr/,Traité
http://www.chambre-hote-jaray-jaclo.fr/?utm_source=gmb,Traité
http://www.chambredhotedouai.com/,Traité
https://latourtouzac.wixsite.com/lasourcebleue,Traité
http://lesbainsdetrebas.com/,Traité
https://1001nuits-medoc.fr/,Traité
https://chateaudepreuil.fr/,Traité
http://www.au-deladesvignes.com/,Traité
http://chambreshotes-baclard.com.es/,Traité
http://chambresdumoulin.e-monsite.com/,Traité
https://lacoloniale.traveleto.com/,Traité
https://www.chambres-relais-postal-royal.fr/,Traité
http://www.larialhe.com/,Traité
http://www.lagrandebaraque.com/,Traité
https://www.lechappeebelle.eu/,Traité
http://lespritduclain.com/,Traité
http://girondelle08.jimdo.com/,Traité
https://www.chambresdhotesloreedubois.fr/,Traité
http://www.maisonterrarosa.com/,Traité
https://closlapinsonniere.wordpress.com/,Traité
http://la-hautee-des-francs.com.es/,Traité
https://www.bnbcornec.com/,Traité
http://www.lasourcedenhaut.com/,Traité
http://www.sejourchateauflipper.com/,Traité
http://elparaisodeparis.com.es/,Traité
https://www.clos-desanges.fr/,Traité
https://www.hotel-astrea-nevers.fr/,Traité
https://www.hotel-tambourin.fr/,Traité
https://www.lerocher-valbonne.fr/,Traité
https://www.domainedelestuaire.com/,Traité
https://www.le-baraillot.fr/,Traité
https://domaineduprieure.fr/fr/accueil/,Traité
https://epona-sens.fr/,Traité
http://www.europehotel58.com/,Traité
https://www.hebergements-vert-le-petit.fr/,Traité
http://www.leclarou.com/,Traité
http://www.golf-hotel-beaune.com/,Traité
https://grandhoteldelapostevienne.com/,Traité
http://grand-hotel-valloire.com/,Traité
https://www.greenfield-hardelot.com/,Traité
http://www.h2o-bnb.com/,Traité
http://www.hotelcromagnon.com/,Traité
http://www.hotel-akena-reims.fr/,Traité
https://hotelalthea.fr/,Traité
https://hotelathenaagde.top/,Traité
http://www.hotel-restaurant-draguignan.fr/,Traité
http://www.hotelauvieuxmoulin.net/,Traité
http://www.hotel-le-conquet.fr/,Traité
http://www.hotel-du-marche.fr/,Traité
https://www.hotelbeausite.fr/,Traité
http://beausoleil-lavandou.com/,Traité
https://www.beausejour-vic.fr/,Traité
https://careclub360.com/bel-valen-h5zdvb,Traité
http://www.hotel-bellevue-bagnoles.com/,Traité
http://www.bellevue-pontaillac.com/,Traité
http://www.tavernebesson.com/,Traité
http://www.hotelduquercy.com/,Traité
https://www.hotelboisjoli.fr/,Traité
http://www.hotel-caladiloru.com/,Traité
https://evry-est-saint-germain-les-corbeil.campanile.com/fr-fr/?utm_content=partoo&utm_medium=seo-bgp&utm_source=google,Traité
http://canellabeachhotel.com/,Traité
https://www.tilques.najeti.fr/fr/,Traité
http://www.etape-continental.com/,Traité
https://hotel-thonon.com/?utm_source=gmb,Traité
http://www.hotel-d-artiste.fr/,Traité
https://www.hotel-angleterre-roscoff.fr/,Traité
https://hotel-de-berny.com/,Traité
https://www.hotel-de-bordeaux.com/,Traité
https://www.hoteldefrance-thann.com/,Traité
https://www.hoteldefrance-bergerac.com/,Traité
https://www.hoteldejouvence.fr/,Traité
https://www.hotel-ange.fr/,Traité
http://www.hotel-paimpol-bretagne.com/,Traité
https://www.hoteldelabannieredefrance.com/,Traité
https://www.hotel-beauronne.fr/,Traité
https://www.hotel-cite-st-malo-bretagne.com/,Traité
https://www.hoteldelagare.net/?utm_medium=referral&utm_source=gmb&utm_campaign=lnk-gmb,Traité
https://hotel-lagare.fr/,Traité
https://delagare.hotel-autun.fr/,Traité
https://hoteldelamervalras.com/,Traité
http://www.hoteldelamer-fr.com/,Traité
http://hotel-de-la-meuse.fr/,Traité
https://www.hoteldelapaixalbert.com/,Traité
http://www.golf-lasorelle.com/,Traité
https://naturellementluxe.com/fr/spa-privatif-prive/,Traité
https://www.spalasublime.com/,Traité
https://glowinserenity.fr/,Traité
http://sansae-spa.com/,Traité
http://www.delinstitutauspa.fr/,Traité
https://www.espacedessourceschaudes-lacaune.com/,Traité
https://www.sobienetre.com/,Traité
https://www.dsdetente95.fr/,Traité
https://www.secretplacespa.fr/,Traité
https://www.royal-spa.fr/,Traité
https://ospabienetre.experience-beaute.com/,Traité
https://spavillayucatan.fr/,Traité
http://www.beerspaparis.com/,Traité
http://mybellaspa50.booksy.com/a/,Traité
https://www.lm-spa.fr/,Traité
https://angleo.com/,Traité
http://www.likespa.fr/,Traité
https://www.hotel-citeroyale.com/spa-loches/o-spa-en-touraine.php,Traité
https://www.balneo-forme.com/,Traité
https://www.domaine-locguenole.com/bien-etre-hotel-spa-bretagne/,Traité
http://www.villazen-spa.com/,Traité
http://www.wuspa.fr/,Traité
https://www.domaineroiarthur.com/spa-nature-silvae/,Traité
https://www.sparoiarthur.com/,Traité
http://www.espritdetente.fr/,Traité
https://manonmassagesdumonde.fr/,Traité
https://www.sparentheses.com/,Traité
https://www.lespadumoulin.fr/,Traité
https://www.spa-nature-et-sens.fr/,Traité
https://www.osparadis-maroilles.fr/,Traité
https://www.o-chambres-dhotes-nord.fr/fr/page/espace-bien-etre,Traité
http://www.xn--fildeleau-f7a.com/,Traité
http://www.eauzone-spa.com/,Traité
https://www.bleu-campagne.fr/,Traité
https://benodet.relaisthalasso.com/,Traité
https://centrerenaitre.com/?utm_source=gmb,Traité
https://spa-avenue.fr/Saint-Quentin,Traité
https://www.le-spa-marinelys.fr/,Traité
https://loreeduspa.fr/,Traité
https://www.celesthena-bienetre.fr/,Traité
http://www.spa-abellie.fr/,Traité
https://www.waldorfastoriaversailles.fr/spa-fitness/spa-guerlain/,Traité
https://www.spaloreedesbois.com/?utm_source=gmb,Traité
https://lespritdessens.com/fr/?utm_source=gmb,Traité
https://www.lesbainsdecorot.com/,Traité
http://www.lagoa-spa.fr/,Traité
http://www.spa-deauville.com/,Traité
https://latypiquespa.com/,Traité
http://spa-celinie.com/,Traité
https://www.mateabienetre.fr/,Traité
http://belaora.fr/,Traité
https://www.reves-deau.fr/,Traité
http://laseduisante-spa.com/,Traité
https://www.carrezen-spaprivatif.fr/,Traité
https://www.dblspaetbienetre.fr/,Traité
https://villaoccitana.com/le-spa/,Traité
https://www.le-lagon-spa.com/,Traité
https://www.babyisisspa.fr/,Traité
https://www.serenitebasque.com/,Traité
https://www.duneeteau.fr/,Traité
https://book.pure-informatique.com/Categories.php?locationID=51723&sid=dknsdg065hp2fme7spap1tj7pn,Traité
http://www.uninstantauspa.com/,Traité
http://www.lespadesthermes.fr/,Traité
http://www.leparadisdubienetre.fr/,Traité
http://espacebienetre.lacharpiniere.com/,Traité
https://loireetsens.com/fr/spa.html,Traité
https://linstitutdebeautespa.fr/,Traité
http://www.spa-ile-de-re.com/,Traité
https://www.paradisduspa.fr/,Traité
https://www.linstantspa.fr/,Traité
http://www.lessensduspa.com/,Traité
https://www.sandro-spa.com/fr/?utm_source=MyBusiness,Traité
https://maisonraphaelperrier.com/,Traité
https://www.spacoupole-hyeres.com/,Traité
https://www.spa-la-joie-de-vivre.com/,Traité
http://www.aphroditespa.fr/?utm_source=gmb,Traité
https://bormes.mona-spa.fr/,Traité
https://app.acuityscheduling.com/schedule/5ad0cc31,Traité
https://www.echapetvous.fr/,Traité
http://www.h85spa.fr/,Traité
https://www.spa-trieves.fr/,Traité
https://www.hotel-lacloche.fr/spa,Traité
http://www.le-prieure-des-sources.com/,Traité
https://sweetime-dijon.fr/,Traité
https://lecube-spa.com/,Traité
https://www.uninstantpour-soi.fr/,Traité
https://www.spa-saintlaurent.fr/,Traité
http://www.spaletempspresent.fr/,Traité
https://genas-plage.com/fr/,Traité
http://www.lespabyvirginie.com/,Traité
https://www.aromes-bien-etre.fr/,Traité
https://lamaisonluma.fr/,Traité
http://www.kreauraspa.fr/,Traité
https://apaizonia.fr/,Traité
https://www.ledomainedeladimiere.fr/,Traité
http://www.spalelys.com/,Traité
http://www.harmoniedessens.fr/,Traité
http://serenityspa-dijon.fr/,Traité
http://www.emanetsens.com/,Traité
http://www.eden-relax.fr/,Traité
https://www.romantiqueandspa.fr/,Traité
http://www.letempsdunspa.com/,Traité
http://www.bluespa-lens-lievin.com/,Traité
https://www.ambispa.fr/,Traité
https://bonicaspa.fr/,Traité
https://www.spadamona.com/,Traité
https://www.balneospa45.fr/,Traité
https://www.evasion-spa.fr/,Traité
http://www.otempledelo.com/,Traité
https://acqs.com/la-boutique/,Traité
http://ornellabienetre.com/,Traité
https://www.chateauartigny.com/spa-en-touraine/,Traité
https://www.sources-hotels.com/valdeloire/spa/,Traité
http://www.neriades.com/,Traité
http://www.spaetsens.com/,Traité
http://www.naturelospa.fr/,Traité
https://www.larochelle-institut-spa.com/,Traité
https://www.sjesthetique-isabellelaurent.fr/r%C3%A9server,Traité
https://coquillade.fr/fr/spa-carte-formules.html,Traité
https://headspabydounia.fr/,Traité
http://www.spa-deslys.com/,Traité
http://www.villapompei.com/,Traité
http://www.balnea.fr/?utm_source=gmb,Traité
https://www.spaetmassage.com/,Traité
http://labullespa.com/,Traité
http://www.infinimentspa.fr/,Traité
http://www.ospa72.fr/,Traité
https://www.spa-detente-paimpol.fr/,Traité
https://studiospa.fr/,Traité
https://e-vitrine.eikow.com/store/Spa-Senteurs-d-Argan,Traité
https://www.spaairline.fr/,Traité
https://www.spaterrehappy.fr/,Traité
https://www.spadoclaire.fr/,Traité
http://www.ibidem-spa.fr/,Traité
https://spaandskin.fr/,Traité
https://serenityspa.fr/,Traité
https://www.francinecoste.com/,Traité
https://ocomplexebienetre.fr/,Traité
https://headspadole.com/,Traité
https://alohaserenitys.com/,Traité
http://www.re-vitalise.net/,Traité
https://www.institut-esprit-zen.fr/,Traité
https://www.le-cocon-de-val.fr/,Traité
http://www.lattraperevemontbeliard.fr/,Traité
https://www.lamaison-dubienetre-bearnaise.fr/,Traité
https://landings.sbc30.net/636bd3e87b0d822a8ed41f9c/HIPR8Bt3QfKZwEpnroCCZw/landing.html,Traité
https://www.beauvallon.com/cedre-beaune/spa,Traité
https://www.eaucause-headspa.fr/,Traité
https://www.cocooning-spa.com/,Traité
http://www.influencedorient.fr/,Traité
http://spaaddict.fr/spaaddict/nous-contacter,Traité
https://www.lesmainsdutemps.com/,Traité
https://massagesdulouvre.fr/,Traité
https://www.eminess-spa.fr/,Traité
https://rivagepiscine.fr/,Traité
http://www.spa-serenicimes.com/fr/accueil?utm_source=google&utm_medium=organic&utm_campaign=my_business,Traité
https://www.coeuracoeur-perinatal.fr/,Traité
http://www.lescabanesdelange.com/,Traité
https://www.leprestige-spa.fr/,Traité
http://www.lesbainsderoyan.com/,Traité
https://www.abelys.fr/,Traité
https://www.bainrussecorse.com/,Traité
http://www.mezencspa.com/,Traité
http://lespadesterrasses.com/,Traité
http://parenthese-bienetre.org/,Traité
https://lapetiteruche.net/,Traité
https://levasioneauspa-montdemarsan.fr/,Traité
https://www.corsespaservices.fr/,Traité
http://www.soheadspa.fr/book-online,Traité
https://www.spa-belleza.com/,Traité
http://vahiana-spa.com/,Traité
http://www.les-naiades-rhone.fr/,Traité
https://spavillabelleplage.fr/,Traité
https://www.lesbainsdecleopatre.com/,Traité
https://rbe-clrhotels.aquao.fr/thalasso-spa-marin-la-grande-terrasse/,Traité
http://spa-sarthe.com/,Traité
https://www.grandsthermes-bourboule.com/offres-soins-bien-etre.html,Traité
http://www.thermapolis.com/,Traité
https://centre-thermal.uriage.com/spa,Traité
https://www.citadineseurometropolestrasbourg.com/?gad_source=1&gad_campaignid=20732046922&gclid=CjwKCAjwpOfHBhAxEiwAm1SwEiqUvhomnZzEDKy_bi6eqBpyNgJi8MAVoxFInKMott7byqZlA72AWxoC068QAvD_BwE,Traité
http://www.lyon-plage.com/,Traité
https://spa-et-chambre-dhotes-les-ecuries-de-la-chapelle.eatbu.com/?lang=fr,Traité
https://spannecy.fr/,Traité
https://www.spa-o-des-lauzes.com/?utm_source=google&utm_medium=my-business&utm_campaign=google-my-business,Traité
https://www.pasteurspa.com/,Traité
https://korpussante.fr/,Traité
http://www.kineospa.com/,Traité
https://www.lescuresmarines.com/fr/,Traité
http://www.ohammam.fr/,Traité
https://www.kate-spa-institut-quimper.fr/?utm_source=gmb,Traité
https://www.rennesaquacenter.fr/,Traité
https://www.centre-sereniss.fr/,Traité
https://www.aquatonic.fr/paris,Traité
https://www.spadreamcastle.com/,Traité
http://www.thermes-brideslesbains.fr/spa-thermal,Traité
http://www.spaprivatifnancy.fr/,Traité
http://www.vip-spa.fr/,Traité
https://www.bleubienetre.com/,Traité
http://www.ovive-desalpes.com/,Traité
http://www.natureospa.fr/,Traité
http://meshimushki.com/,Traité
http://www.spadelafontaine.fr/,Traité
http://www.spalabulledos.com/,Traité
https://www.chateaudelagauderie.com/soins-balneotherapie-spa/,Traité
http://www.lesthermesdusultan.com/,Traité
https://spa-merignac.com/,Traité
https://institut-kanji.fr/,Traité
https://www.voluptospa.fr/,Traité
https://www.douceurdo.com/?utm_source=google&utm_medium=wix_google_business_profile&utm_campaign=11966437358688852534,Traité
http://lalauthiere.com/,Traité
https://book-widget.pure-informatique.com/Categories.php?locationID=54705&sid=3oq4jhc0toikhcpl4ujc2ju2l0#startConnexion,Traité
http://www.terre-blanche.com/,Traité
http://www.lachrysalide.institute/,Traité
https://www.spaduclos.com/,Traité
http://www.spapom.com/,Traité
http://www.lamaisonducoquelicot.fr/,Traité
https://bulletropicale.fr/,Traité
https://www.cristalspa.fr/,Traité
https://maisoncalea.fr/,Traité
http://www.tanah-spa.fr/,Traité
http://spa-alsace.com/,Traité
https://www.domaine-hirtz.com/spa-nordique/,Traité
http://zenetspa38.com/,Traité
https://abnb.me/tceBxnf4OHb,Traité
http://www.spa-balneo-normandie.fr/,Traité
https://cabinet-dermexpert.fr/,Traité
https://www.flinea.com/,Traité
https://spa-la-zoologie.fr/,Traité
https://www.spacoraline.com/,Traité
https://www.les-alpes-toussuire.com/lespace-bien-etre/,Traité
https://www.landerneau.laparenthesespa.fr/,Traité
http://www.spa-des-ducs.fr/,Traité
http://www.lespa.org/,Traité
http://www.d1spas-saint-etienne.fr/specialiste-bien-etre-rhone-alpes-achat-spas-spa-de-nage/,Traité
https://www.obalia.fr/,Traité
https://www.bluelagoonspas.com/,Traité
http://rouen.zeinorientalspa.fr/,Traité
https://domainedeladous.fr/,Traité
http://www.gitesdesophie.fr/,Traité
https://thermospa.fr/,Traité
http://www.therma-novas.com/,Traité
http://www.thermes-sextius.com/,Traité
http://www.spacenter.fr/,Traité
https://www.miriaform.com/,Traité
http://www.voluptespa.com/,Traité
http://www.samsara-massages.com/,Traité
https://www.ezenspa.fr/,Traité
https://www.spa-montriond.com/,Traité
https://settons-spa.com/,Traité
https://www.alpapart.fr/sky-spa/,Traité
https://www.spalequilibre.com/,Traité
http://www.spa-damarose.fr/,Traité
http://www.alevidence-cotezen.fr/,Traité
https://spa-morzine-avoriaz.com/,Traité
http://www.ax-hotel.com/fr/excellence-spa-fr,Traité
https://www.peaudours.com/,Traité
https://www.thermes-allevard.com/thermes-spa/sejour-detente-spa,Traité
https://www.palmspa.fr/?utm_source=gbp&utm_medium=organic&utm_campaign=google-business-profile&utm_content=website_button,Traité
http://www.kokum.fr/,Traité
https://www.spa-parenthese-aix-les-bains.com/fr/?utm_source=google-business-profile,Traité
https://www.lesbainsdesalpes.com/,Traité
http://hammamoriental.com/,Traité
http://www.shopnostress.com/,Traité
https://www.centreaquatiquearsenal.fr/spaarzana/,Traité
http://www.energymer.fr/,Traité
http://www.les-bains-dagnia.fr/,Traité
https://www.compagniedesspas.fr/contact,Traité
https://www.lecomptoirdusoin.com/,Traité
http://www.terranga-salonzen.fr/,Traité
https://www.latitude-spa.fr/,Traité
http://www.spaoccitan.fr/,Traité
http://opalynne.fr/,Traité
http://www.terrediris.com/,Traité
http://escalecocooning.fr/,Traité
http://thespabyhiltonevianlesbains.com/,Traité
https://www.ospa-zen.com/?utm_source=google&utm_medium=wix_google_business_profile&utm_campaign=6931349011708913570,Traité
https://www.spa-ahimsa.fr/,Traité
https://n-le-spa.com/,Traité
https://www.institut-beaute-nice.com/,Traité
https://www.anantara.com/fr/plaza-nice/spa,Traité
https://infini-spa.fr/,Traité
https://www.maison-albar-hotels-l-imperator.com/fr/page/imperator-codage-spa-luxe-nimes.28582.html,Traité
https://loftbodyconcept.com/,Traité
http://nordicexperience.fr/?utm_source=gmb,Traité
https://zeyna-spa.fr/,Traité
https://clubsaintpaulparis.fr/,Traité
https://nuxe-spa.com/spa-carte-des-soins,Traité
http://www.charmedorient.fr/,Traité
https://www.maison-albar-hotels-le-pont-neuf.com/fr/page/spa-cinq-mondes.2490.html,Traité
https://hammamharimsultan.com/,Traité
http://www.thalasso.com/,Traité
https://villa-castellane.fr/le-spa/,Traité
https://www.spalemaubreuil.com/fr/,Traité
https://www.odivinspa.fr/,Traité
http://www.centre-yina-yanga.com/,Traité
http://www.bainsblues.fr/,Traité
https://www.auberge-de-l-ill.com/fr/spa.html?utm_source=MyBusiness&utm_medium=Spa,Traité
http://espacebienetredarocha.fr/,Traité
http://www.lsa-institut.fr/,Traité
https://laperladebelleza.fr/,Traité
https://artduspaorleans.fr/,Traité
http://orelle.net/,Traité
https://empreinte-hotel.com/fr/spa.html,Traité
http://terraspa.fr/,Traité
http://www.jasminespa.fr/,Traité
https://www.alpinspa.fr/fr/,Traité
https://spaluminel.fr/,Traité
https://hotel-mendi-alde.fr/rendez-vous/,Traité
http://www.lejardindesbains.com/,Traité
https://www.lorestmabeaute.com/,Traité
https://www.lespabylefief.com/,Traité
https://spa-broceliande.fr/,Traité
http://www.mon-spa.com/,Traité
https://interbatspa.fr/,Traité
https://www.escapade-bienetre-40.fr/,Traité
https://www.zonezenspa.fr/,Traité
https://www.chevalblanc.com/fr/maison/paris/spa-et-piscine/spa-dior/,Traité
https://www.maison-albar-hotels-le-vendome.com/fr/page/hotel-spa-paris-luxe.22879.html,Traité
http://www.lespajadore.fr/,Traité
https://www.bainsdumarais.fr/,Traité
https://www.mandarinoriental.com/en/paris/place-vendome/wellness/the-spa?src=loc.local-listings.mopar.ggl,Traité
https://www.spa-luxury-paris.fr/,Traité
https://www.oetkerhotels.com/hotels/le-bristol-paris/wellness/?utm_source=google&utm_medium=organic&utm_campaign=google_local_le_bristol_spa,Traité
https://www.sensation-spa.com/,Traité
https://www.jardinsdufaubourg.com/fr/spa.html,Traité
https://www.codageparis.com/fr/pages/maison-codage-so-paris-1,Traité
https://monmassagespa.com/,Traité
http://www.spaluxedorient.com/,Traité
http://www.shangri-la.com/paris/shangrila/health-leisure/chi-the-spa/,Traité
https://souslarbredevie.com/,Traité
https://www.phydrolec-spa.fr/,Traité
https://chateaudemaillat.simplybook.it/,Traité
https://manoirdeleveche.fr/fr/spa.html,Traité
http://www.fishspaenauge.fr/,Traité
https://www.biospa-esthetique.fr/,Traité
http://www.thalasso-rivage.com/,Traité
https://www.endlesspools.fr/,Traité
http://bainetsauna.com/,Traité
https://www.hammamdikouca.com/,Traité
https://instantcocoon.bookinbeautiful.fr/,Traité
https://www.prestige-amiens-kyriad-hotel.fr/obody,Traité
https://domaine-des-dryades.com/bien-etre-et-spa-val-de-loire/,Traité
https://spa-zenko.fr/,Traité
https://acqua-sana.fr/,Traité
https://appartement-hotel-perigueux.fr/espace-bien-etre-a-perigueux/,Traité
http://www.lda-spa.fr/,Traité
https://toulouse.caliceo.com/,Traité
https://mel-lys-spa.fr/,Traité
https://bella-spa.fr/,Traité
https://www.secretspalille.fr/,Traité
https://ledomainedesdiamants.fr/le-lux/,Traité
https://www.hotspringsainttrop.fr/,Traité
https://bookings.zenchef.com/results?rid=376008&pid=1001&isPreview=1,Traité
https://www.lareserve-ramatuelle.com/spa-proche-saint-tropez/?utm_source=google&utm_medium=local&utm_campaign=lrr-spa,Traité
http://www.spa-lesouffledeleau.fr/,Traité
http://www.centralhotelbort.fr/,Traité
https://www.spa-manche.com/,Traité
https://nam12.safelinks.protection.outlook.com/?url=https%3A%2F%2Fwww.lebaillidesuffren.com%2Fespace-bien-etre-institut-esthederm%2F&amp;data=05%7C01%7C%7C408481607450442cdb6e08da7f67a619%7C84df9e7fe9f640afb435aaaaaaaaaaaa%7C1%7C0%7C637962380384418219%7CUnknown%7CTWFpbGZsb3d8eyJWIjoiMC4wLjAwMDAiLCJQIjoiV2luMzIiLCJBTiI6Ik1haWwiLCJXVCI6Mn0%3D%7C3000%7C%7C%7C&amp;sdata=rSalripFyl3t70aZId8r4fGq9BqbT8TpOV0GTcXk8Fw%3D&amp;reserved=0,Traité
https://www.spa-connect.fr/,Traité
http://www.belleduperche.com/,Traité
https://gervais.podia.com/,Traité
http://www.leprieuredessources.com/,Traité
http://www.spa-groupelespadon.com/,Traité
https://lacledubonheur.co/,Traité
https://www.pauseospa.com/,Traité
https://www.summerspa.fr/,Traité
http://institut-turquoise.fr/,Traité
https://vanessahomeserenity.fr/,Traité
http://spa-ledomebleu.fr/,Traité
https://www.artduspa.com/?utm_source=referal&utm_medium=solocal,Traité
http://www.taeliaspa.com/,Traité
http://www.institut-aquavital.fr/,Traité
https://shop.tac.eu.com/HyattPlaceRouenDolzr/shop/,Traité
http://www.oplaisirduspa.fr/,Traité
https://www.spa-center-lille.fr/,Traité
https://www.spacium-lille.fr/,Traité
https://escapade-spa-beaute.fr/,Traité
http://www.espace-do.fr/,Traité
https://lorchideelimeil.wixsite.com/spa94,Traité
http://www.isatislespa.com/,Traité
http://sens-naturels.com/,Traité
https://www.mr-spas.fr/,Traité
https://instantspa.org/,Traité
https://www.relaxeo-spa86.com/,Traité
https://www.mercure-axlesthermes.com/se-relaxer-hotel-spa-ax-les-thermes/,Traité
https://bhavanaspa33.kalendes.com/,Traité
https://nolabeaute.fr/,Traité
https://grosnoyer.com/,Traité
https://lespamarin.kalendes.com/?utm_source=gmb,Traité
http://www.d1spas.fr/revendeur/achat-spas-berion-freres-besancon/,Traité
http://www.berion.fr/,Traité
https://www.ermitage-oasis.fr/le-spa/,Traité
https://www.couventdesminimes-hotelspa.com/fr/spa-loccitane.html,Traité
http://www.sensharmonie.com/,Traité
https://www.concept-spa.com/,Traité
https://cosyspacompiegne.fr/,Traité
https://www.bulle-des-sables.com/,Traité
http://www.spalabonneadresse.com/,Traité
https://www.spa-negresko.fr/,Traité
http://www.lessourcesdallauch.fr/,Traité
http://spalenorvegien.fr/,Traité
https://fr.caudalie.com/les-sources-de-caudalie,Traité
https://www.latourauxcrabes.com/spa-dieppe/phytomer-5-mondes-normandie,Traité
https://www.spalemagnolia.com/,Traité
https://www.horizon-resort.com/fr/spa-zephyr.html?utm_source=Google&utm_medium=My+Business,Traité
http://headspabyln.booksy.com/a/,Traité
https://www.hotelm-merignac.com/fr/spa.html,Traité
https://benestar-spa.fr/,Traité
https://piscine-bleutropical.com/?utm_source=google&utm_medium=organic&utm_campaign=gbp,Traité
https://www.baumaniere.com/le-spa,Traité
http://physiospa.fr/,Traité
https://www.lesoleildor-megeve.com/fr/espace-bien-etre/?utm_source=google&utm_medium=seo&utm_campaign=gmbghsospa,Traité
http://www.sejour-gite-peche.fr/index.php/spa,Traité
http://www.pacificspa.fr/,Traité
https://www.enjoy-spas.com/,Traité
https://www.lesbainsdebernay.com/lacanopeedesbains/,Traité
https://mixsartcontact.wixsite.com/monsite/le-loft-spa,Traité
https://www.mas-de-la-senancole.com/fr/hotel-spa-gordes.html,Traité
https://lespademontfort.wixsite.com/website,Traité
https://spaprivateluxury.fr/,Traité
http://bellonaspa.wordpress.com/,Traité
https://spa-annecy.com/,Traité
http://www.espritcosy.fr/?utm_source=google&utm_medium=wix_google_business_profile&utm_campaign=5202490262074780622,Traité
https://www.cocoon-spa.fr/,Traité
https://www.institut-thalasso-spa.com/,Traité
http://www.hammam-lecleopatre.fr/,Traité
https://spa-les-bains-romains.web.app/,Traité
https://www.capoxygene.com/,Traité
https://www.hotel-villa-saint-antoine.com/spa-clisson-pres-de-nantes/,Traité
http://www.millesime-spa.fr/,Traité
http://www.hotel-spa-beausite.fr/,Traité
https://www.lesspasinsolites.com/,Traité
http://www.tao-day-spa.fr/,Traité
https://www.maisondessilenes.com/,Traité
http://www.lilesaintlu.com/,Traité
https://www.vitalparc.com/fr/spa-lacanau.html,Traité
http://alasource94.fr/,Traité
https://www.lavillaspa.fr/,Traité
https://www.spa-unmomentpoursoi.fr/,Traité
https://www.hotelhemen.com/00DATA/themes/hemen/soins/menu-soins-web.pdf,Traité
http://www.aquavenus.fr/,Traité
http://lebambou-spa.fr/,Traité
http://www.relaxsantes.fr/,Traité
https://jiyu-institut.fr/headspa-massage-drainagelymphatique,Traité
http://www.amazen-spa.fr/,Traité
https://www.chateaulamarquise.com/,Traité
https://www.homes-spas.fr/,Traité
https://rituel-holisticwellbeing.com/,Traité
https://www.odouceurdebebe.com/,Traité
http://pierredelune-sceaux.fr/,Traité
http://oosteo.com/osteopathe-schirmeck-67130-osteopathie-1681,Traité
https://www.siehr-bienetre.fr/,Traité
https://sedan-spa.fr/,Traité
http://www.norraspa.fr/,Traité
https://www.lodesoibeautyspa.fr/,Traité
https://senas.irisetwillyspa.com/,Traité
https://spa-sud.com/,Traité
https://www.vannes.laparenthesespa.fr/,Traité
https://olesbains.com/,Traité
https://www.lutopispa.fr/,Traité
https://www.wellnessfamily.fr/,Traité
http://aix-marseille.vitalspa.fr/,Traité
https://www.aqua-center.fr/,Traité
https://www.institut-bellezza.fr/,Traité
https://www.opale-institut.com/,Traité
https://ghsplage.com/spa-nuxe-2/,Traité
https://spaodesoleil.com/?utm_source=gmb,Traité
http://www.inatha-espacebienetre.fr/,Traité
http://www.vanillaspa.fr/,Traité
http://www.hotel-spa-en-normandie.com/,Traité
https://www.domainereinemargot.com/spa/,Traité
https://yoannaheadspa.fr/,Traité
http://www.lespalamoutonne.com/,Traité
https://juvignac.zenitude-relais-spa.com/fr/spa,Traité
http://sparadisiaque.fr/,Traité
https://spaleternel.fr/,Traité
http://www.laparenthese59114.fr/,Traité
http://www.linstantmagique.fr/,Traité
https://www.kemiri-spa.com/,Traité
https://enfantsdofee.kalendes.com/,Traité
http://www.archeli.fr/,Traité
https://spadubassin.fr/,Traité
https://tangara-spa.fr/,Traité
http://laetispa.fr/,Traité
https://www.physiospafrance.com/,Traité
https://chateau-de-theoule.com/fr/page/spa.29065.html,Traité
https://tiara-miramar-beach-resort.com/,Traité
https://jeflotte.com/,Traité
http://ouestdetente.com/,Traité
https://www.lesecretdesfilles.fr/,Traité
https://campanules.com/spa/,Traité
https://www.calyspa.com/,Traité
http://www.espace-evasion.net/?utm_source=gmb,Traité
https://enjoyspa.fr/,Traité
https://www.nuitssalines.com/spa-eclae,Traité
http://spaeclae.com/,Traité
https://www.spaodyssee.com/,Traité
http://www.hotspring85.fr/,Traité
http://www.lespa-ajaccio.com/,Traité
http://www.carredesoi.com/,Traité
https://www.spa-prairies.com/fr/Nous-contacter,Traité
http://www.spa-sauna-normandie.fr/,Traité
http://www.cristal-des-alpes.fr/,Traité
https://babyo-spa.fr/,Traité
https://sunandspa.fr/,Traité
https://spa-melysiane.fr/,Traité
https://www.leden-spa-aqua-forme.fr/,Traité
http://www.biotyzen.fr/,Traité
http://www.monbania.fr/,Traité
https://www.spasdefrance.fr/,Traité
https://www.hotelgrandesrousses.com/fr/spa-d-ete.html,Traité
https://chamoisdor-alpedhuez.com/spa/,Traité
http://aujardindeflo.fr/,Traité
https://cotepiscines.fr/vente-installation-spa-sauna-hammam.html,Traité
https://www.lesspasduparc.com/fr,Traité
http://www.spayzeronevasion.fr/,Traité
https://spa-lenido.fr/,Traité
http://www.ainstantpoursoi.com/,Traité
http://dorevaspa.fr/,Traité
http://massage-thai-91.fr/,Traité
https://mabullebienetre-ardeche.fr/fr/,Traité
https://laroute69.fr/,Traité
https://nuitospa.fr/,Traité
http://www.anamae-spa.fr/,Traité
http://www.spa-alina.com/,Traité
http://www.spa-ozorigines.fr/,Traité
https://www.hotel-spa-fairway.com/hotel-spa-arras/spa-5-mondes-pas-de-calais.php,Traité
https://www.ospaarras.fr/,Traité
https://www.institut-laur-spa-dossau.fr/,Traité
https://quietude-lieudebienetre.fr/,Traité
http://www.corailspa.com/,Traité
https://www.ledomainedecurgies.fr/,Traité
https://spa-valenciennes.rosemma.group/,Traité
https://www.vaux.azoya-spa.com/,Traité
http://www.novaspa-avignon.com/,Traité
https://www.briqueteriechampagne.com/bienetre,Traité
https://www.histoire-do.net/,Traité
http://www.oxygeneattitude.com/,Traité
http://www.salsabil.fr/,Traité
https://spa-boisdamour.fr/,Traité
https://bullesdereves90.com/,Traité
http://www.omainsdefey.fr/,Traité
http://www.spa-home.fr/,Traité
http://www.lesbainsdor.fr/,Traité
http://www.spa-eveildessens.com/,Traité
https://www.lesmassagesanmo.fr/,Traité
https://larboressence.com/,Traité
http://www.voyageospa-34.com/,Traité
https://www.spa-chatel.com/,Traité
http://www.spa-ecole-fournier.com/,Traité
http://www.bodhispa.fr/,Traité
https://orchideaspa.com/,Traité
https://spa-lamarotine.fr/,Traité
https://www.spa-academy-nathacia.com/,Traité
http://bedinaspa.com/,Traité
https://spaplenitude.fr/,Traité
http://www.enterrement-vie-jeune-fille-provence.org/,Traité
https://www.lemasdesoules.eu/fr/spa-uzes/,Traité
http://doretdespa.com/,Traité
http://www.spa-bellecote.fr/,Traité
https://www.tourisme-montsetlacsenhautlanguedoc.com/a-voir-a-faire/le-bien-etre/,Traité
http://www.bbzenspa.com/,Traité
https://panathaispa.fr/fr/,Traité
https://kryosphere.fr/,Traité
https://www.bestwestern-hotel-crystal.com/fr/crystal-spa.html,Traité
https://www.villagallici.com/fr/,Traité
https://www.adelphia.fr/bien-etre-et-spa/massages-et-soins/,Traité
https://www.villamarlioz.fr/contact/,Traité
http://www.balneodulioran.fr/,Traité
http://www.le-spa-toulouse.com/?utm_source=gmb,Traité
http://albaoria-headspa.booksy.com/a/,Traité
http://www.sundancespas-ales.fr/,Traité
http://espace-zen-attitude.com/,Traité
http://aqualady.fr/,Traité
https://spapro.fr/,Traité
https://www.lmaquabienetre.fr/?utm_source=gmb,Traité
https://chalets-vdevaujany.fr/Fiches/Carte-soins-SPA-La-Perle-FR.pdf,Traité
https://institut-untempspourl.fr/,Traité
https://letempledaurora.fr/,Traité
https://antre2o.fr/,Traité
https://www.hoteldelacite.com/se-relaxer-hotel-carcassonne-piscine/spa-carcassonne/,Traité
http://www.europe-spa.fr/,Traité
http://spa-amneville.fr/,Traité
http://www.andirobaspa.fr/,Traité
https://www.crpce.com/clinique-esthetique-tours?utm_source=gmb&utm_medium=organic&utm_campaign=local_listing,Traité
http://www.lesparadisamiens.fr/,Traité
https://www.parenthese-detente-amiens.fr/,Traité
https://spa-lotetgaronne.fr/,Traité
https://hotel-parc-beaumont.secretbox.fr/,Traité
https://www.headspa-lehavre.fr/,Traité
https://natanelie.simplybook.it/,Traité
http://www.voyagedesmondeshonfleur.com/?utm_source=gmb,Traité
http://www.balneoleron.com/spa-ile-d-oleron-contact.html,Traité
https://lessoeurspa.com/,Traité
http://lespadespins.fr/,Traité
https://www.chaleurdorient.fr/,Traité
https://secure.reservit.com/rsl/booking/indexmodal.php?customerid=1853&_ga=2.172554144.289367443.1654355969-33029447.1653063411,Traité
https://spa-rhonelle-valenciennes.fr/,Traité
http://www.somathera.fr/,Traité
https://www.o-spa89.fr/,Traité
https://marie-esthetik.fr/,Traité
https://www.lavillaclemenceau.com/,Traité
https://espace-hina.fr/,Traité
https://jexistebienetre.wixsite.com/accueil/,Traité
https://maisondebeauteleden.com/,Traité
https://www.chatelas.com/fr/bien_etre.html,Traité
http://www.cathyinstantdetenteetbienetre.com/,Traité
http://angelspa.fr/,Traité
https://reservermonsejour.com/,Traité
https://piscinespadesign.com/,Traité
http://www.lespabrest.fr/,Traité
https://www.amformesetbeaute.com/,Traité
http://relaxtherapie.com/,Traité
https://www.autour-du-spa.fr/,Traité
http://www.autourduspa.fr/,Traité
http://revenature.fr/,Traité
https://www.fiveseashotel.com/spa-bien-etre,Traité
http://www.wellness-spa.fr/,Traité
https://contact987250.wixsite.com/wellness-kafe,Traité
http://www.lecentrespacassis.com/,Traité
https://auvoyagedessens.fr/,Traité
http://www.laviespa.fr/,Traité
https://lafermeduspa.fr/,Traité
http://indigo.kalendes.com/,Traité
https://www.domainedeverchant.com/fr/spa.html,Traité
https://www.unsparienquepourvous.fr/,Traité
https://www.aquamomento.fr/,Traité
http://lignesdeau.com/,Traité
https://www.zen-attitude86.fr/fr,Traité
https://www.leroomspa.fr/,Traité
https://jacuzzi49.fr/?utm_source=gmb,Traité
http://www.annamaya-spa.com/,Traité
http://www.spaodemer.com/,Traité
https://www.spa-lokiya.com/,Traité
https://piscinepatinoireloasis.fr/espace-865-bien-etre.html,Traité
http://www.la-bulle-de-bebe.fr/,Traité
https://www.hotel-st-alban.com/spa/,Traité
https://steamsauna.fr/,Traité
https://spa-collioure.fr/,Traité
https://www.lesquisse-colmar.com/en/page/spa-5-star-spa-hotel-alsace.21449.html?utm_source=google+Maps&utm_medium=seo+maps&utm_campaign=seo+maps,Traité
https://www.biche-lescontamines.fr/,Traité
http://www.lescapade-dunkerque.com/,Traité
https://www.demeuredebeaulieu.fr/fr/page/espace-bien-etre-vitaminal,Traité
https://afleurdespa.fr/,Traité
https://www.bimataz.fr/relaxation/spa-bien-etre/,Traité
http://www.hotelcontrexeville.com/fr/spa-et-activites-sportives-vosges.html,Traité
https://www.spacabotine.fr/,Traité
http://www.lasource-spa.fr/,Traité
https://spa.njfit.fr/,Traité
https://www.camping-ocean.com/institut-beaute-croisic.html,Traité
http://www.spa-aliceaupaysdesmerveilles.fr/,Traité
http://www.natural-spa-institut.fr/,Traité
https://spadelanouere.com/,Traité
http://www.ladolcebollaspa.fr/,Traité
https://www.brousse-hydroservices.fr/,Traité
https://surane-spa.fr/,Traité
https://www.ajna-centre.fr/,Traité
https://www.institutvert.fr/,Traité
http://www.uhainaspa.fr/,Traité
https://bulle-zen-spa.fr/,Traité
https://www.cote-et-zen.com/,Traité
https://institut-spa-leveildessens.com/,Traité
http://www.boutiquespas.com/,Traité
http://www.lartduresetetdelalegerete.fr/,Traité
http://cocoonheadspa.sitew.org/,Traité
https://chateau-hospitalet.com/spa-narbonne/,Traité
https://www.institut-du-cours.fr/,Traité
https://aixenprovence.cliniqueducheveu.fr/,Traité
http://mahina-corse.com/,Traité
http://www.natura-center.fr/,Traité
https://www.aucocondelise.fr/,Traité
https://www.relaxation-zen-picardie.com/,Traité
http://www.spa-delarganier.com/,Traité
http://www.faure-gabriel.fr/,Traité
http://www.spa-massage-bretagne.com/,Traité
https://ncspathonon.com/,Traité
http://www.le-spa-solognot.fr/,Traité
https://www.lyseaspa.com/,Traité
http://www.leenpao.com/index.php/massages/,Traité
https://www.institut-spa-bio-marckolsheim.fr/,Traité
https://www.wellness-spas57.fr/contact,Traité
https://chateau-duo.fr/,Traité
https://gites-de-troyes.fr/le-spa-de-la-cathedrale/,Traité
https://www.sweetylodge.com/,Traité
https://www.experience-by-alicia.fr/,Traité
http://www.auvergne-thermale.com/,Traité
http://www.villamelinoise.fr/,Traité
https://au-bonheur-de-nora.fr/,Traité
https://www.moulindelalauchere.fr/,Traité
https://www.secretspasolesmes.com/,Traité
https://www.a2location.com/,Traité
https://entre-nous-deux.fr/,Traité
https://www.leclosdeslilas16.com/,Traité
https://boudoiretsoins.com/chambre-dhotes-et-spa/,Traité
https://www.purescapade.fr/,Traité
http://www.chez-aurelia.com/,Traité
https://location-atypique-bourges.fr/,Traité
https://sanctuaire-aphrodite.com/,Traité
https://www.lovenight.fr/,Traité
https://www.nuitetspa.com/equipement-love-room,Traité
https://www.loft-spa-reims.fr/,Traité
http://www.gitelesablon.com/,Traité
https://parentheseadeux.com/,Traité
https://bulledereves38.jimdofree.com/,Traité
https://lannexetinyhouse.carrd.co/,Traité
https://www.lapetiteescapade.fr/,Traité
https://www.domainedelissole.com/,Traité
https://domaine-de-forges.partouche.com/,Traité
https://www.domainelemanoir.com/,Traité
http://www.laphinedetente.com/,Traité
http://www.chezsuiteandspa35.com/,Traité
https://www.hotel-lapicholine.com/,Traité
https://www.lafermedecampodimonte.fr/,Traité
https://www.les-gites-de-dordogne.fr/fr/chambre/la-grotte,Traité
https://lasuiteneuvilloise.fr/,Traité
http://www.hotelparticuliernontron.com/,Traité
http://www.lidylle-spa.fr/,Traité
https://www.lebastidondetheo.fr/,Traité
http://www.lacharmeraie.com/,Traité
https://une-parenthese.fr/,Traité
http://www.domainelefrichebeau.fr/,Traité
https://www.53nuances.fr/,Traité
https://chalons-en-champagne.premiereclasse.com/fr-fr/?utm_content=partoo&utm_medium=seo-bgp&utm_source=google,Traité
http://www.domaineduder.fr/,Traité
http://www.la-ferme-du-chateau.fr/,Traité
http://loveroom02.fr/,Traité
https://hotelspa3bis.weebly.com/,Traité
https://upsell-noti.bubbleapps.io/version-test/?debug_mode=true,Traité
https://manoirdelouviers.com/,Traité
https://www.chateauderance.fr/,Traité
http://le157lallaing.wixsite.com/le-157,Traité
http://www.trinidadvibes.com/,Traité
https://auxcapricesdalice.com/,Traité
https://www.ladolcevitaspa.fr/,Traité
https://www.hotel-restaurant-aurelaisthermal.fr/,Traité
https://hotelspadupuymary.com/,Traité
http://lecharmeauxfees.com/,Traité
https://chambredecharmevar.fr/,Traité
http://www.gitemoselle.com/,Traité
https://www.collectionbarbossi.fr/,Traité
https://www.casa-lova.fr/,Traité
https://www.sejourauthentique.fr/fr/chambre/prohibition-suite-love-atypique-room-spa-sauna,Traité
http://www.leglamour.fr/,Traité
https://www.spa-lebonhomique.com/,Traité
http://www.spaetsaunadecogny.fr/,Traité
http://www.st-etienne-cuines.fr/,Traité
http://www.residence-vacances-des-mines-st-gildas.com/,Traité
https://villadejade-spa.fr/,Traité
https://www.domaine-de-rochebelle.com/,Traité
https://lesecretdumarquis.netlify.app/,Traité
https://villagoaspa.fr/,Traité
https://www.lagrangehotel.fr/,Traité
http://appartspanormandie.fr/,Traité
https://www.suitesduspa.fr/,Traité
http://www.ledomainedumoulin28.fr/,Traité
https://www.vieil-aiglun.fr/,Traité
https://mercurepeyragudes.fr/,Traité
http://www.parentheseenfinistere.fr/,Traité
https://maison-dhotes-spa-hermival.fr/,Traité
http://www.clery.najeti.fr/,Traité
https://www.eynarteco.com/,Traité
http://domaineduthore.com/,Traité
https://toulouse-sud-labege-innopole.campanile.com/fr-fr/?utm_content=partoo&utm_medium=seo-bgp&utm_source=google,Traité
http://www.hotel-arinthod.com/,Traité
https://eure-mb-prestataire.for-system.com/f132529_fr-.aspx,Traité
https://www.domainedelabrulaire.fr/,Traité
https://lamaisonbello.com/,Traité
http://www.maisonlesberrys.com/,Traité
http://www.suite1566.fr/,Traité
http://www.arras-online.com/Le-P-tit-Paradis-536-partenaire.html,Traité
http://www.hotel-nancy-thermal.fr/,Traité
http://www.albiezrandopatrimoine.com/,Traité
http://lamarante-chambres.com.es/,Traité
http://spa-orient.fr/,Traité
https://www.chateaudelalouptiere.fr/,Traité
https://unenuitpournous.com/,Traité
https://locfr.click/spa-dunes-aap3w7,Traité
https://mabonne-etoile.com/,Traité
https://domaine-vandenesse-spa.fr/,Traité
https://hotel-cancale-alghotel.brithotel.fr/algospa,Traité
https://www.auxportesdesthermes.net/,Traité
http://www.chateaubazois.com/,Traité
http://www.lescoconsdelillon.fr/,Traité
https://loveroomvienne.com/,Traité
http://fermedubray.com/,Traité
https://www.lespacieuxchartres.fr/,Traité
https://les-trois-marches.fr/,Traité
http://www.aphroditeroom.com/,Traité
http://amorspavaldoie.fr/,Traité
https://albinat-lacolline.fr/,Traité
http://www.lacitedo.fr/?utm_source=gmb,Traité
https://www.officiel-thermalisme.com/stations/pietrapola-les-bains/,Traité
https://www.caleden.com/centre-thermoludique/,Traité
https://www.lachaldette.com/,Traité
https://www.thermesderoyat.fr/,Traité
https://www.thermes-bourbon-lancy.fr/,Traité
http://www.cure-amneville.com/,Traité
https://www.thermes-la-lechere.fr/?utm_source=google&utm_medium=my-business&utm_campaign=google-my-business,Traité
https://www.plombieres-les-bains.com/,Traité
http://bagnols-les-bains.com/,Traité
https://headspa-saendriel.fr/,Traité
https://hotel-ermitage.evianresort.com/fr/bien-etre/le-spa-quatre-terres?utm_source=gmb,Traité
http://www.shaktitouch.com/,Traité
https://thermaltek.fr/,Traité
https://cryo-center.fr/,Traité
https://www.thermes-bagneres.fr/,Traité
http://www.luzea.fr/,Traité
http://www.thermes-casteljaloux.com/,Traité
https://www.centrethermalavene.com/,Traité
https://www.eaux-thermales-balaruc.com/,Traité
http://www.thermes-rochefort.com/,Traité
http://www.thermes-chateauneuf.com/,Traité
https://polethermalamneville.com/thermapolis/,Traité
https://lesbainsdetaccana.corsica/,Traité
https://www.thermes-vittel.com/fr/accueil.html,Traité
https://www.thermesdevals.com/,Traité
https://thermes-luchon.fr/,Traité
https://www.thermes-contrexeville.fr/,Traité
http://www.bains-saint-thomas.fr/,Traité
https://www.thermes-saint-gervais.com/,Traité
https://www.thermesdemarlioz.com/,Traité
http://www.thermesdecauterets.com/,Traité
http://www.aquensis.fr/,Traité
http://poggiolo.over-blog.fr/2017/11/visite.html,Traité
http://www.thermes-borda.com/,Traité
https://www.coeurthermal.com/,Traité
https://www.thermes-berot.com/,Traité
http://www.ville-abrest.com/,Traité
http://tonithermes.com/,Traité
http://www.thermes-les-ecureuils.com/?utm_source=gmb,Traité
https://suite-mille-et-une-nuits-amneville.fr/,Traité
https://patrimoine-entrammes.fr/,Traité
https://www.lesthermesevian.com/?utm_source=gmb,Traité
http://www.saubusse-thermes.com/,Traité
http://www.villaaimee.com/,Traité
http://www.thermes-renneslesbains.fr/,Traité
http://hoteldesthermes.eu/,Traité
https://www.le-grand-hotel-des-thermes.fr/,Traité
https://www.lesthermesdegaia.fr/votre-spa,Traité
http://www.musee-moyenage.fr/,Traité
http://aquiothermes.fr/,Traité
http://www.thermes-et-vacances.fr/,Traité
http://luxopuncture.weebly.com/,Traité
http://domainedesthermes.com/,Traité
https://www.thermesmarins.net/,Traité
http://www.archeologie.lyon.fr/archeo/sections/fr/sites_archeologiques/69005_lyon/thermes_publics_de_l,Traité
https://les-thermes-marseille.com/,Traité
http://www.masdesthermes.com/,Traité
https://www.thermeice-04.fr/,Traité
http://www.residence.fr/,Traité
https://les-thermes-toulouse.com/,Traité
http://www.thermesdebondonneau.com/,Traité
https://www.domainedethermes.fr/,Traité
https://www.bdr-thermea-eurotherm.fr/?utm_source=gmb,Traité
http://www.destinationvichy.com/,Traité
http://domaine-des-thermes.com/,Traité
https://www.ecotherme83.com/plombier,Traité
https://www.qualitherme-corseul.fr/,Traité
https://www.auboutdumonde.eu/,Traité
http://www.goldenthaispa.fr/,Traité
https://www.coqueospa.fr/,Traité
http://www.gaelle-bienetre.com/,Traité
http://www.matseel.fr/,Traité
http://www.spadelalune.fr/,Traité
http://skinandspaphilosophy.com/,Traité
http://www.oasisdessens.fr/,Traité
http://the-woodness-spa.fr/,Traité
https://terre-deden.fr/,Traité
https://www.maposplaisir.fr/,Traité
http://www.spafactory.fr/,Traité
https://elizabethstravelexperience.com/luxury-spa-concept-france,Traité
https://edenlocquirec.com/,Traité
https://www.thalasso-resort-concarneau.com/,Traité
https://www.etangs-corot.com/,Traité
http://www.previthal.com/,Traité
https://la-spa-privatif.fr/,Traité
https://www.lejardindesoliviers.com/,Traité
https://www.aubaindisis.fr/,Traité
http://www.gites-et-spa-du-bienetre.com/,Traité
http://happydozen.wixsite.com/happydozen,Traité
http://www.spaaufildeleau.fr/,Traité
https://romeline.fr/,Traité
http://www.institut-spa-plaisirdessens.fr/,Traité
http://www.institutdebeautelaurina.fr/,Traité
https://www.unique-beauty-studio.fr/,Traité
http://www.hotel-spa-saintmalo.com/,Traité
https://www.make-up-beauty.fr/,Traité
http://spadurhone.fr/,Traité
https://carolinepetiot.fr/,Traité
http://labriduchateau.com/,Traité
http://www.escapade-bienetre.com/,Traité
http://www.baanmai-thai-spa-91.fr/,Traité
https://cbioinstitut.fr/,Traité
http://le-domaine-de-maybach.amenitiz.io/,Traité
https://www.atelierdelulu.com/,Traité
http://www.lesterrassesdecouves.com/,Traité
https://hotel-spa-bagnoles-de-lorne.brithotel.fr/?utm_source=google&utm_medium=seo&utm_campaign=gmb,Traité
http://www.hotel-bagnoles.com/,Traité
https://eauxspa.fr/,Traité
https://cottageflottantinsolite.com/,Traité
http://spa-escalebienetre.fr/,Traité
https://www.beautyspa-lens.com/,Traité
https://spa-prive-lille.fr/,Traité
https://www.lilo-spa.fr/,Traité
https://www.acquavitalspa-yoga.com/,Traité
http://www.nuit-spa-cine.fr/,Traité
http://www.institutrayondesoleil.com/,Traité
https://var.private-room.fr/,Traité
https://www.la-grenade-bleue.com/,Traité
https://www.lafabriquedubonheur.net/,Traité
https://hairspametz.com/,Traité
http://www.institut-spa-montagne.com/index.php,Traité
http://www.bains-rocher.fr/,Traité
http://cotebulle.fr/,Traité
http://www.natureaspa-gramat.fr/,Traité
http://chateaulatoursegur.com/,Traité
https://www.suitesspadetentedelalys.com/,Traité
http://andrineinstitut.kalendes.com/,Traité
https://head-spa-care.reservio.com/services,Traité
https://www.detenteetspa.fr/,Traité
https://www.lesbienfaitsdumassagethai.com/,Traité
https://skinetsens.com/,Traité
https://sambava-institut.fr/,Traité
https://www.centre-eden-spa.fr/,Traité
http://nuaeste15.booksy.com/a/,Traité
http://spabeauterodez.com/,Traité
http://tatya-spa.fr/,Traité
http://www.lemasdepierre.com/,Traité
https://adrechas-mercantour.fr/?utm_source=google&utm_medium=organic&utm_campaign=gbp&utm_content=website_link,Traité
http://www.boisdesnauzes-cabane.com/,Traité
https://leclosdecyrano.fr/,Traité
http://suite-spa-privatif-barcares.fr/,Traité
https://4ubednspa.com/,Traité
http://www.hotel-lesaintcirq.com/,Traité
http://www.cabane-lot.fr/,Traité
http://www.lagirouardiere.com/,Traité
https://www.hameaudeplos.com/,Traité
https://www.gitespalaparenthese.com/,Traité
https://www.american-spa-motel.fr/?utm_source=Google&utm_medium=My%20Business,Traité
https://www.hotel-jenny.com/?utm_source=Google&utm_medium=My%20Business,Traité
https://gite-ferme-doubs.com/,Traité
https://gites-spa-strasbourg.fr/visiter/la-villa-15,Traité
https://www.athenaspahotel.com/fr/?utm_source=mybusiness&utm_medium=organic&utm_id=mybusinessorganic,Traité
https://parchotel.net/,Traité
https://hotel-colmar-est.brithotel.fr/?utm_source=google&utm_medium=seo&utm_campaign=gmb,Traité
http://www.pivoine-et-colibri.fr/,Traité
http://www.lacourdhortense-chambresdhotes.fr/,Traité
http://www.hotel-de-la-poste.com/?utm_source=MyBusiness,Traité
https://www.chateaulacommaraine.com/fr/,Traité
https://lespabeaunois.fr/,Traité
https://www.loveroom-impertinente.fr/,Traité
http://gite-spaleshirondelles.com/,Traité
https://gite-spa-larenardiere.com/,Traité
http://www.villa-avril.com/,Traité
http://spametz.com/,Traité
http://www.domainedebarive.com/,Traité
http://www.clossaintjoseph.fr/,Traité
https://www.saviloisirs.com/,Traité
https://vichy-spa-hotel.fr/fr/?utm_source=mybusiness&utm_medium=organic&utm_id=mybusinessorganic,Traité
http://www.leonard-de-vinci.com/,Traité
https://laserpauderie.fr/,Traité
https://www.lesclarines.com/,Traité
https://www.appartspa-dijon.fr/,Traité
https://www.jardindesecureuils.fr/,Traité
http://www.topdestination-dijon.com/,Traité
http://www.hotel-le-richelieu.com/,Traité
http://www.latillaie.com/,Traité
https://www.v-et-spaprivatif.com/,Traité
http://odelicesdelamonnerie.com/,Traité
https://lemoulin-hotelspa.alsace/,Traité
http://www.laparentheseavesnoise.com/,Traité
https://www.cabanessuspendues.fr/,Traité
https://www.momentsdedouceur.fr/,Traité
http://www.chateaudesayes.fr/,Traité
https://gite-spa-romantique-sarthe.fr/,Traité
https://centre-de-bien-etre-angers.fr/,Traité
https://www.couetteetconfitures.fr/,Traité
https://livablom.fr/,Traité
http://www.adawaspa.fr/,Traité
http://www.leffetspa.fr/,Traité
https://www.villa-desirad17.fr/,Traité
https://ocoeurdelagrange.fr/,Traité
https://lamaisonduplaisir.fr/,Traité
https://www.chateau-saintgilles-bayeux.com/,Traité
https://www.labayeuzen.com/,Traité
https://lesecuriesderigny.com/,Traité
http://www.le-renard.com/,Traité
https://www.hotel-ginkgo.com/,Traité
http://www.les-gites-de-lopeau.fr/,Traité
https://www.luxuryloft-spa.fr/,Traité
https://aparthotelcerdanya.com/FR/hotel.html,Traité
https://spaprivatifbyxela.com/,Traité
http://www.location-sancy.fr/,Traité
https://www.ecrin-auvergne.com/,Traité
http://www.roche-des-fees.com/,Traité
https://www.au-wachtfels.fr/,Traité
http://www.hotel-les-cleunes.fr/,Traité
http://www.aquabella.fr/,Traité
https://chambresromantiquesjacuzzispa.com/,Traité
http://villadessonges-spa.fr/,Traité
http://www.lesriveschampenoises.com/,Traité
https://www.hotel-restaurant-au-soleil.fr/,Traité
http://www.legrandchalet-colmar.com/,Traité
https://www.eden-love-spa-paris.com/,Traité
http://www.spamarincecilearnoux.fr/,Traité
https://www.niceandspa-maurepas.com/,Traité
http://www.douxmoment-spa.fr/,Traité
https://hannah-cesarine.fr/,Traité
https://harasdhavetot.com/,Traité
https://www.closdespommiers.com/,Traité
http://www.hotellebelvedere.com/,Traité
https://www.gite-spa-glam88.fr/,Traité
https://www.domaine-du-haut-jardin.com/fr/?utm_source=google&utm_medium=my-business,Traité
http://love-room-quarterelle.fr/,Traité
http://www.chaletcimebleu.com/,Traité
http://www.gitesdeliezey.fr/,Traité
https://chaletprestigevosges.com/locations/chalets-spa-des-3-vallees/,Traité
https://amneville.goldentulip.com/fr-fr/?utm_content=partoo&utm_medium=seo-bgp&utm_source=google,Traité
http://terminusenbaie.com/,Traité
http://www.lesportesduhablebaiedesomme.com/,Traité
http://www.relais-spa.com/valdeurope/,Traité
https://www.a-loffre-zen.com/,Traité
https://www.gite-chambres-hotes-soissons.com/,Traité
https://private-room.fr/,Traité
http://www.sousletilleulgers.fr/,Traité
https://www.hotelmarmotel.com/,Traité
http://www.azteca-hotel.fr/,Traité
https://www.villaluxuria.com/,Traité
https://www.newcottagehonfleur.com/,Traité
http://www.almoria-deauville.com/,Traité
http://letrophee.com/,Traité
https://www.labaysecrete.com/,Traité
http://www.lemasdescerisiers.com/?utm_source=google&utm_medium=wix_google_business_profile&utm_campaign=9712269973897958523,Traité
https://domaine-sainte-anne.fr/,Traité
http://www.lascasasprovence.fr/,Traité
http://www.hotel-ventoux-provence.com/,Traité
https://www.hotel-ermitage.com/,Traité
https://dieppe.goldentulip.com/fr-fr/?utm_content=partoo&utm_medium=seo-bgp&utm_source=google,Traité
http://www.lecemarose.com/,Traité
https://www.cabane-dans-arbres.com/,Traité
https://www.lepatio79.com/,Traité
https://www.hotelsparibeauville.com/,Traité
https://alpizen.fr/,Traité
http://www.ancremarine.com/,Traité
https://dinan.brithotel.fr/?utm_source=google&utm_medium=seo&utm_campaign=gmb,Traité
https://www.pasinohotellehavre.com/,Traité
https://romancespalh.fr/,Traité
http://www.ausecretdubonheur.com/,Traité
https://tulip-inn-honfleur.goldentulip.com/,Traité
https://spae-evreux.org/,Traité
https://www.aux-5-sens-maison-hotes.com/,Traité
http://www.hotel-upalazzu.fr/,Traité
http://www.apiattatella.fr/,Traité
https://sensualroom.fr/,Traité
http://hedonenancy.fr/,Traité
https://entrenousloveroom.com/,Traité
https://domainedesvaulx.fr/,Traité
https://prestige-amiens-poulainville.kyriad.com/fr-fr/?utm_content=partoo&utm_medium=seo-bgp&utm_source=google,Traité
https://bouddhableu-loveroom.fr/,Traité
https://villa-namaste.fr/convivialite-une-villa-spacieuse/,Traité
http://www.lechurchill.com/,Traité
https://oceainstitut.wixsite.com/institut-spa-ocea,Traité
https://www.lebonheurestenbretagne.com/,Traité
http://www.au-petit-manoir.fr/,Traité
https://sevadertm.com/,Traité
https://pasithea-loft-spa-privatif.fr/,Traité
https://www.insolite-spa-privatif.com/fr,Traité
http://www.lesgitesduroc.com/,Traité
https://www.loveroom21.fr/,Traité
https://suite785-montauban.com/,Traité
http://closdelafontainelabastidemarnhac.com/,Traité
http://giteduhallot.holiduhost.com/,Traité
https://www.salers-hotel-remparts.com/,Traité
http://www.castel-fleuri.com/,Traité
https://prestige-residence-dives-sur-mer.kyriad.com/fr-fr/?utm_content=partoo&utm_medium=seo-bgp&utm_source=google,Traité
https://terejo.fr/,Traité
http://www.labulledesanges.fr/,Traité
http://www.hotel-auvergne-saintroch.com/,Traité
https://www.lecuriedeluzerand.fr/,Traité
https://www.hotelduroi.com/,Traité
https://www.hacienda-solea.fr/,Traité
http://www.amore-hotel-spa-agen.fr/,Traité
https://www.villa-margaux.com/,Traité
http://www.legrandlogis.com/,Traité
http://charda-spa.fr/,Traité
https://perpignan.appart-hotel-spa.com/,Traité
https://www.villaspabeziers.com/,Traité
https://www.domainedupuydore.fr/,Traité
https://www.auxbainsmarie.fr/,Traité
https://leden-spa-cinema.lodgify.com/,Traité
https://chez-jogo.mgx.world/,Traité
http://www.lesdemeuresazelie.com/,Traité
https://www.la-font-vineuse.fr/,Traité
http://lovandspa30.com/,Traité
https://www.lapaillotexotique.com/,Traité
https://www.scandinavespa.fr/,Traité
http://www.aucieletoile.fr/,Traité
https://suite-and-spa.smoobu.net/fr/,Traité
http://www.lesprecieusesavignon.com/,Traité
https://lesnoyersdegaudelle.fr/,Traité
http://www.cabane-ladouceparenthese.fr/,Traité
https://www.domaine-leverdier.com/?utm_source=google_fiche&utm_medium=organic_maps&utm_campaign=fiche_principale,Traité
http://www.leffervescense.fr/,Traité
http://www.domaine-rymska.com/,Traité
https://www.domainedumoulin71.com/?utm_source=gmb,Traité
http://www.location-gironde.com/,Traité
http://www.ainerak.fr/,Traité
http://www.giteamelievosges.com/,Traité
http://www.hotel-les7fontaines.com/fr,Traité
http://letincelle30.fr/,Traité
http://www.lamaisondesautres.com/,Traité
https://www.sweetdreamsjacuzzi.com/,Traité
http://ellendor.fr/,Traité
https://www.lefoyerceltique.fr/fr-FR,Traité
https://headspa25.bookinbeautiful.fr/?utm_source=ig&utm_medium=social&utm_content=link_in_bio&fbclid=PAb21jcAPm4m5leHRuA2FlbQIxMQBzcnRjBmFwcF9pZA81NjcwNjczNDMzNTI0MjcAAadxLCHOS8FV4xCPniVjrrjIXYzYJdc0dc4PdidInJiOh0obUQjMREUb65IYcQ_aem_TfyHJHaBMIHH29mDJJoF6g,Traité
https://www.tantraloveroom.com/fr,Traité
http://www.lodge-alpes-spa.com/,Traité
https://www.chateau-hotel-dordogne.fr/,Traité
http://www.gitesarlat.com/,Traité
http://www.locationtournesol.com/,Traité
https://www.les-glycines-dordogne.com/?utm_source=google&utm_medium=organic&utm_campaign=mybusiness,Traité
http://www.suitelinattendu-moussan.com/,Traité
https://lecellierdebeaulieu.com/,Traité
https://tipis-et-chalets-du-grand-peuch.fr/,Traité
http://o-refuge-divin.fr/,Traité
https://cabane-et-spa-dans-les-arbres.com/,Traité
https://karelstraveltips.com/chalet-nature-spa-amp-sauna-2-france,Traité
http://lamascrabiere.amenitiz.io/,Traité
https://www.lacloseriedubiard-perigord.fr/,Traité
http://www.ileau36.fr/,Traité
http://www.lesmaisonsdupont.com/,Traité
http://carrementperchee.fr/,Traité
http://www.ospachampenois.com/,Traité
https://g-spa.fr/,Traité
https://www.sixsenses.com/en/hotels-resorts/europe/france/residences-courchevel/,Traité
https://www.chaletzenae.com/,Traité
http://gites-chez-marco.com/,Traité
http://www.redroom.fr/,Traité
http://www.tropicalspa.fr/,Traité
https://www.bullesetspa.fr/,Traité
https://hotel-fougeres-parc.brithotel.fr/?utm_source=google&utm_medium=seo&utm_campaign=gmb,Traité
https://location-lamalou.com/,Traité
https://www.hotel-leboutdumonde.com/fr,Traité
http://lepratdelacout.fr/,Traité
https://lespaorleans.com/,Traité
http://www.aubiniere.com/,Traité
https://prestige-lyon-est-saint-priest-eurexpo.kyriad.com/fr-fr/?utm_content=partoo&utm_medium=seo-bgp&utm_source=google,Traité
https://www.hotel-de-chassieu.com/,Traité
https://www.hoteldespecheurs.com/?utm_source=gmb,Traité
https://www.hotel-lesmouettes.com/?utm_source=gmb,Traité
https://www.hotel-des-elmes.com/?utm_source=google&utm_medium=organic&utm_campaign=fiche,Traité
https://www.gite-l-oasis.com/,Traité
http://www.hotel-ecrin-honfleur.com/fr/,Traité
http://www.hotel-austria.fr/,Traité
http://www.loveroomevasion.fr/,Traité
https://latoursecrete.lodgify.com/,Traité
http://www.opervenches73.fr/,Traité
https://lecellierspa.fr/,Traité
https://cabanespasauna.e-monsite.com/,Traité
http://www.fleursdevignes.com/,Traité
https://ledomainedesecusdor.com/,Traité
http://www.segala-spa.com/,Traité
https://www.ardure.fr/,Traité
https://spassionnement.fr/,Traité
http://www.lespierresblanches-gers.fr/,Traité
https://lesalouettesspa.wixsite.com/les-alouettes/,Traité
http://www.suitespaprivatif.fr/,Traité
https://www.lapepitedamour.com/,Traité
https://www.comme-une-evidence-savoie.com/,Traité
https://lafourmyverte.com/,Traité
https://www.siandaki-charme-et-spa.com/,Traité
https://www.coutureducharme.fr/,Traité
https://pokhara-spa-institut.com/,Traité
http://www.divenliespa.fr/,Traité
http://swimlodgehotel.corsica/,Traité
http://www.saint-brieuc-hotel.fr/?utm_source=gmb,Traité
http://www.terra-bulle.com/,Traité
http://www.aura-cabana.com/,Traité
http://appart-spa-alessia.com.es/,Traité
https://www.etape-en-foret.com/,Traité
http://www.lesnuitsdolympe.fr/,Traité
http://www.domainedebracheux.com/,Traité
https://www.hotel-echaillon.com/,Traité
http://suite-spa-no-idem.fr/,Traité
https://le-chalet-du-blanc.amenitiz.io/fr/booking/room,Traité
http://domainedubugassou.com/,Traité
https://garrigae.fr/etablissements/domaine-de-lesterel/,Traité
http://www.valescure.najeti.fr/,Traité
https://www.hotel-saint-malo-courtoisville.com/,Traité
https://www.gitelinstantreve.com/?utm_source=google&utm_medium=wix_google_business_profile&utm_campaign=16038630860639029065,Traité
http://www.lecocooning.fr/,Traité
http://cabanespa40.com/,Traité
https://www.autourdessens49.com/,Traité
https://premium-spa-montreuil.com/,Traité
https://www.perceneige.com/,Traité
https://www.hotel-belle-juliette-paris.com/fr/,Traité
http://www.paris-hotel-stjacques.com/,Traité
https://www.nuits-chartraines.com/,Traité
http://www.ty-puns.fr/,Traité
https://nuxiasuites.fr/?utm_source=gmb,Traité
https://www.institutspabeautedange.fr/,Traité
https://www.morzinedayspa.com/,Traité
https://www.lamaisondenbasdesseigneurs.fr/,Traité
https://www.chambresdirect.fr/hebergements/view/leden-enchante?ref=host-badge,Traité
https://www.hoteldeparis-moulins.com/institut-spa/,Traité
https://bienloindici.com/,Traité
https://www.hotel-les-bains-perros-guirec.fr/fr/,Traité
https://www.lescottagesduparc.fr/,Traité
http://www.chateaudesfleurs.paris/,Traité
https://www.hotelroyalmadeleine.com/#utm_source=google&utm_medium=organic&utm_campaign=google%20my%20business,Traité
https://www.villadeltaspa.com/,Traité
https://villacosyetspa-strasbourg.com/,Traité
https://www.aucoeurdespuys.com/,Traité
https://www.oustaucamarguen.com/,
https://relais-magdeleine.com/?utm_source=google&utm_medium=google-my-business,
http://www.cosy-nature.com/,
https://siretlys.fr/,
https://www.omikuji.fr/,
http://www.nantesdayspa.fr/,
https://loveroomvendee.fr/,
https://chambre-labsolu.fr/,
https://www.monsieurgeorge.com/,
http://www.auspadumonde.com/,
https://www.love-room-alsace-67.fr/,
https://www.re-lax.fr/,
http://www.chambres-hotes-nohant.fr/,
https://www.cote-plageetspa.fr/,
https://gitegrangelekulmino.com/fr,
https://suite-laparenthese.fr/,
https://champcenest.wixsite.com/leshirondelles,
https://www.seren-spa-touraine.com/,
https://sarah-recommends.com/chambre-avec-spa-privee-france,
http://www.hotel-le-provence.com/,
https://www.splendid-hotel-spa.com/?utm_campaign=GMB_LE_SPLENDID&utm_medium=DIRECT&utm_source=GOOGLE,
https://chambresdhotesbouchesdurhone.com/,
https://www.fidelius-spa.fr/,
https://www.damonalodges.com/lodges-vendee/,
https://loyatspa.fr/,
http://skinstudioandspa.fr/,
https://www.tonichotel-biarritz.com/fr/,
https://www.lapetitemaisondenoemie.fr/,
http://www.gites-dordogne-sarlat.fr/,
https://www.chambresdhotes-ladyjule.fr/,
https://www.maisonnaturellebio.fr/,
http://babysparelax.fr/,
http://www.appartspaprivatif.fr/,
https://hotel-spa-le-thor.fr/,
https://www.masdesrieges.fr/,
https://www.instantromantique.com/,
https://www.hotelmadamedrouot.com/,
https://www.phileashotel.com/,
http://www.latourmaubourg.com/,
http://www.leroyalspa.fr/,
http://www.spathaidoree.com/,
http://www.institutspaabricotine.com/,
https://isaanthaispa.fr/,
https://parismassage.fr/,
https://loft47spa.com/,
https://lovenspa.fr/products/l-obscure,
https://www.lesclefsdeval.com/,
https://www.energie-et-beaute.fr/,
https://www.othera-spa.fr/,
http://www.galaxy-spa.fr/,
http://institut-rimel.fr/,
https://le-spa-pont-labbe.eatbu.com/?lang=fr,
http://www.penichespa-lemakara.com/,
https://www.cosy-and-spa.com/,
https://centresmyrna.com/,
http://www.pointe-saint-mathieu.com/,
https://reservation.urban-spa.fr/?ownerid=63991&propid=114549,
http://www.location-chalet-luxe-gerardmer.com/,
https://www.escalebienetrespapuget.fr/,
https://www.le-christiania.com/,
https://www.moulindevernegues.com/,
http://www.casadelsole-corsica.com/,
https://boheme.spa/,
https://www.spadolcevita.fr/,
https://www.hotelrestaurantkerbot.com/,
https://www.villaduport.fr/,
https://lescaledudonon.myweb.smoobu.com/,
http://ospadecaudry.com.es/,
https://www.tropical-lodge.fr/lannexe-du-tropical-lodge,
http://www.asiaspaexperience.fr/,
https://www.suiteemeraude.fr/,
https://www.lespritspabykatja.fr/,
http://luxuryspa-loveroom.com/,
https://www.lasultanedesaba.com/,
https://l-abri-spa-et-detente.meilleurhotel.top/,
https://bluespa-fitness.com/,
https://www.apsarathaispa.com/,
https://kechmara.fr/,
https://aroma-spa-institut.fr/,
http://www.infini-beaute-institut-lumbres.com/,
https://yaroma-headspa.fr/,
http://www.gougnats.com/,
http://www.latelierspa.com/,
https://www.priva-spa-family.com/,
https://lessuiteslove.fr/,
https://sweethomespa.com/,
https://www.obalinais.fr/reservation/,
https://demeuredelabaronne.fr/,
http://www.gite-lozere-tarn.com/,
https://www.thalasso-resort-bretagne.com/fr/residence-hoteliere/residence-tourisme.html,
http://www.vacances-uzes.fr/,
https://lacabaneduval.fr/,
https://www.letemps-duninstant.fr/,
https://www.voiledor.fr/,
https://www.hotel-spa-legambetta-bergerac.com/,
http://autempledesens.com/,
https://www.piscinesetspa35.fr/,
https://www.migennes.azoya-spa.com/,
https://bulleo-spa.fr/,
https://linstantdouceur-spa.fr/,
https://lacabanedesmassages.fr/,
https://www.hotel-coeurdemaurienne.com/,
http://gite-spa-le-montagnard.fr/,
https://spa-sauna-hammam.wixsite.com/bollene,
https://www.villaboisoleil-lacanau.fr/,
https://www.spavilla94.com/,
http://www.ospabeaute.fr/,
http://www.giteetspa-alsace.com/,
http://hotel-spa-vichy.fr/,
http://sigridbeaute.wixsite.com/sigrid-beaute,
http://institut-formentera.fr/,
http://www.relaxnspa.fr/,
https://www.spa-dune-santec.com/,
http://www.laconciergeriedestruches.com/,
http://beaute-amincissement42.fr/?utm_source=gmb,
https://gite-et-spa21.fr/,
https://institut-spa-eleo.wixsite.com/institut-spa-eleo,
https://www.scharrach.fr/hotel/,
http://www.tayaba.fr/,
http://www.aqua-experience.fr/,
http://www.linstitut-sezanne.fr/,
https://www.laurybeaute.com/,
http://www.sourceane.fr/,
https://spadouai.com/,
http://voluptea-institut-spa.fr/,
https://villa-alienor.com/,
https://paris-enghien-love-room.fr/,
https://www.so-spa.fr/,
https://escapaderouen.fr/,
https://www.transhumance-pyrenees.fr/,
https://azenka-spa.com/,
http://www.ospapiscine.com/,
https://www.odessa-spa.fr/,
http://www.o-spa-tarbes.fr/,
https://www.capfrance-terrou.com/,
https://www.hotelvillalamartine.com/,
http://ldoceane.booksy.com/,
https://institutspa-officiel.fr/,
http://www.lespadulac.fr/,
http://www.spa-institut-nymphea.fr/,
http://www.appart-spa-gray.fr/,
https://www.piscinescobas.fr/,
https://www.juliaspa.fr/,
http://www.ococoonight.fr/,
http://nouveaurefugespa.com/,
http://www.leprinceregent.com/,
https://luxury-lbs.com/,
http://www.chambres-hotes-nature-vosges.com/,
https://www.airotel-ocean.com/,
https://lasourceauxdesirs.fr/,
https://www.institutdebeautejasmine.fr/,
http://www.flottaison-ardennes.fr/,
https://paumedamour-babyspa.fr/,
http://www.sublim-et-sens.com/,
https://www.lauzun-piscines-spas.com/,
http://instant-zen-72.fr/,
http://www.cabanesdebelfahy.com/,
https://www.roseanathee.com/?utm_source=google&utm_medium=wix_google_business_profile&utm_campaign=1204641228840593020,
http://www.bulledespa.fr/,
https://www.lochin-piscines-abrisjardin.com/,
https://sauna4tilleuls.fr/,
https://omdesiam-massages.fr/,
https://www.harmoniedavril.com/,
https://cigogneshotel.fr/,
http://ospadeflo.com/,
http://gites-des-granges.amenitiz.io/,
https://cath-equilibre.webnode.fr/,
https://lartdelabeaute-cosne.fr/,
https://nuancesdalcoves.com/,
https://www.alexandre-institut.com/,
http://www.tahaa-spa.com/,
http://www.saludamoreskobido.com/,
https://www.lespadelaforet.com/,
https://www.pool-services.fr/,
https://lessencebambou.com/,
https://www.baby-spa-sun-and-white.fr/,
https://camomillebabyspa.fr/,
http://www.montra.life/,
https://lecrespin-gitelozere.fr/,
http://www.zachhome.fr/,
https://gite-brest.com/,
https://naturezen.kalendes.com/,
https://www.lespadanslenoir.com/nos-spas/le-spa-dans-le-noir-bordeaux/,
http://www.hydrospa.fr/,
http://www.obainsoleil.com/,
https://www.le-stbarnabe.com/fr/,
https://oribabienetre.fr/,
https://maisonkaruna.com/,
https://www.cbspa.fr/,
https://www.chateaudelatourlandry.fr/slow-tourisme/,
https://www.gites-spa-clairvauxleslacs.fr/,
https://linstitut-clouange.netlify.app/,
http://www.villaoceanzen.com/,
https://www.opiovalbonnegolfresort.com/fr/notre-hotel/chateau-de-la-begude/,
http://feeduspa.fr/,
http://www.clini-spa.fr/,
https://pranaspa.fr/,
https://lucie-esthetique.jimdofree.com/,
http://www.effyligne.com/,
https://lumeaspa.fr/nos-prestations/,
http://eclatdedouceheure.com/,
http://zohra-spa.com/,
https://vichy-en-amoureux.com/,
http://www.ubud-spa.fr/,
https://spa-anahita.fr/,
https://chambrelapresquile.wixsite.com/website,
https://douceurnaturel.com/accueil,
https://www.latelierlumiere.fr/,
https://reservation.gites-de-france-sud.fr/fiche-11G3218?ORI=GMAPS,
https://centretamaris.fr/,
http://www.suitepriveeailly.com/,
http://dolcebellezza.fr/,
https://zenitudeparis.fr/,
https://www.linstitutdubienetremassageetheadspa.fr/,
http://www.institutmartine.com/,
https://www.aquacove.fr/,
http://www.legalet.fr/,
https://www.lecalmedeleau.fr/,
http://www.lilleospa.com/,
http://spa-maroilles.com/,
https://legoluret.com/wp/,
http://www.centralspa.fr/,
https://www.hotel-mont-saint-michel.com/?utm_source=Google&utm_medium=Mybusiness&utm_campaign=GoogleMyBusiness,
https://signaturebienetre-headspa-saintetienne.fr/,
http://www.poema-spa.fr/,
http://www.parenthesespa.fr/,
http://www.ambiancespa-beaute.fr/,
https://www.lafolie20spa.com/,
http://gouttesdedetente.fr/,
https://manahiaspatulle.com/,
http://www.levasionspa.fr/,
https://hotelapartfr.cfd/villalcpsupbxhm,
https://www.massage-spa-gannat.com/,
https://www.le-clos-saint-michel.com/,
https://www.centremasroulan.com/,
http://anne-floreheadspa.fr/,
http://www.zenospa.fr/,
https://www.loftandspa.com/,
http://www.lavillabienetrespa.fr/,
http://lesinstantsvoles.fr/,
http://www.spalazen-nature.com/,
https://www.institut-lelotusbleu.com/,
http://noctambullespa.fr/,
http://www.eauxloft-louhans.fr/,
https://www.hotelgallialondres.com/fr/hotel-romantique-pyrenees,
https://www.barruerot.fr/,
http://sodouceur.com/,
https://www.panneethaispa.fr/,
https://www.beaute-bien-etre-28.com/,
